code,name,credits,description
ACCT 1413,Introduction,3,"to Accounting is a preparatory course 
for Financial Accounting. The course deals with the complete accounting 
cycle, data entry, record keeping, and financial statement preparation. 
This course enriches business and accounting vocabulary. (3-0-3)"
ACCT 2033,Financial,3,"Accounting is a study of accounting theories 
and concepts involved in analyzing, processing, interpreting, and 
communicating decision-making information for internal and external 
uses. This course is intended for majors and nonmajors. OSRHE Matrix"
ACCT 2123,Managerial,3,"Accounting is a study of accounting 
theories and concepts involved in analyses, processing, interpreting, and 
communicating decision-making information for internal and external 
uses. This course is intended for majors and nonmajors. Prerequisite:"
AGRI 1101,Live,1,"Animal Evaluation provides instructional 
guidance in the justification of the selection of live animals. Content 
knowledge is provided in the utilization of tools for selection including 
records, pedigree information, and visual appraisal of cattle, swine, sheep, 
and goats. (0-3-1)"
AGRI 1104,Introduction,4,"to Animal Science is an introduction to 
the production, marketing, and distribution of meat, milk, eggs, and other 
products. Also includes the study of commodity specialization, world 
markets, breeding systems, and management of various livestock breeds. 
Corequisite:"
AGRI 1100,Introduction,0,"to Animal Science Lab. 
Prerequisite: ACT Science subscore of at"
AGRI 1204,Introduction,4,"to Plant and Soil Science is an 
introduction to the principles of plant growth, general crop production, 
production horticulture, and soil composition. An emphasis will be placed 
on structure, growth processes, propagation, physiology, growth media, 
and post-harvest factors. Corequisite:"
AGRI 1200,Plant,0,"and Soil Science 
Lab. Prerequisite: ACT Science subscore of at"
AGRI 1303,Introduction,3,"to Wildlife and Natural Resource 
Management explores natural resource careers and introduces concepts 
of forest biology, tree physiology, forest ecology, silviculture, water 
resources, and fish and wildlife management. The course also introduces 
the wide variety of natural resources found globally with a focus on 
Oklahoma ecoregions. (3-0-3)"
AGRI 1503,Introduction,3,"to Livestock Evaluation is an 
introduction into the practices involved with the selection, evaluation, and 
classification of livestock and livestock products. (3-0-3)"
AGRI 2113,Agricultural,3,"Communications is an introduction to 
the fundamentals of agricultural news writing and other communication 
methods as they relate to role of media in agriculture. The course also 
provides an introduction to career options and skills required of 
agricultural communicators. (3-0-3)"
AGRI 2123,Agricultural,3,"Leadership explores leadership in the 
context of agriculture and authentic leadership, independent thinking, 
commitment to agriculture, open minds, and professionalism. Course will 
develop short- and long-term goals through the identification of values, 
skills, and leadership styles. (3-0-3)"
AGRI 2144,Fundamentals,4,"of Soil Science is the introduction to 
soil physical, chemical, and biological properties and processes necessary 
in formulating land use decisions related to agricultural, engineering, and 
environmental concerns. Soil formation, classification, and conservation. 
Analysis/evaluation of soils in field and laboratory settings.  Corequisite:"
AGRI 2140,Fundamentals,0,"of Soil Science Lab Prerequisite: ACT 
Science sub score of at"
ANTH 1113,General,3,"Anthropology is an introduction to the 
anthropological way of thinking about human evolution, prehistory, 
cross-cultural variation and language. Emphasis is on the cultures of non-
industrialized societies. OSRHE Matrix"
ANTH 1203,Native,3,"Peoples of North America is an overview of 
Native society and culture north of Mexico from pre-Columbian time to 
present. OSRHE Matrix"
ART 1103,Fundamentals,3,"of Art I is a study of the principal 
elements of two-dimensional design which include color, perspective, 
fundamental drawing concepts and compositional elements. This course 
is designed for elementary education majors, art majors, and elective 
credit. OSRHE Matrix"
ART 1123,Drawing,3,"I is designed to develop an understanding of the 
basic concepts of drawing and observational skills. A variety of media, 
sources and environments will be utilized. OSRHE Matrix"
ART 1133,Fundamentals,3,"of Art II is a continuation of 
Fundamentals of Art I. The course is a study and analysis of three-


 
dimensional art forms using a variety of materials and processes. 
Prerequisite: ART ""1103"". OSRHE Matrix"
ART 1143,Drawing,3,"II is a continuation of Drawing I. The course is 
designed to develop drawing and observational skills. A variety of media, 
sources and environments will be utilized. Prerequisite: ART ""1123"". 
OSRHE Matrix"
ART 1153,Art,3,"History I is a study of the arts, artists and their 
cultures from the Prehistoric man through the Early Renaissance. This 
course satisfies a Seminole State College humanities requirement. 
OSRHE Matrix"
ART 1163,Art,3,"History II is a study of the arts, artists and their 
cultures from the Early Renaissance to the present. This course satisfies a 
Seminole State College humanities requirement. OSRHE Matrix"
ART 1203,Art,3,"Appreciation stresses the study of art from a variety 
of different backgrounds and cultures as both product and process. 
Aesthetic judgment-making in evaluation of art from different times and 
places is stressed. This course satisfies a Seminole State College 
humanities requirement. OSRHE Matrix"
ART 2123,Ceramics,3,"I covers a variety of building, techniques, 
glazing, and ceramics terminology. OSRHE Matrix"
ART 2213,Watercolor,3,"I develops skills in watercolor painting 
stressing form and composition, visual perception, and individual 
expression. Prerequisite: ART ""1103"" or instructor permission. OSRHE 
Matrix"
ART 2223,Watercolor,3,"II continues to develop skills in watercolor 
painting, stressing form and composition, visual perception, and 
individual expression. Prerequisites: ART ""1123"""
ART 2233,Painting,3,"I develops skills in opaque painting, stressing 
form and content, visual appreciation, and individual expression. 
Prerequisite: ART ""1123"" or instructor permission. OSRHE Matrix"
ART 2243,Painting,3,"II continues to develop skills in opaque painting, 
stressing form and content, visual appreciation, and individual expression. 
Prerequisite: ART ""2233"" or instructor permission. OSRHE Matrix"
ART 2273,Graphic,3,"Design I covers typography and graphic design. 
Students will work with a variety of media, including the computer. 
Prerequisites: ART ""1103"" and ART ""1123"". OSHRE Matrix"
ART 2293,Ceramics,3,"II is a continuation of Ceramics I. Students will 
further develop their glazing skills and knowledge of ceramics and its 
terminology. Prerequisites:"
ART 2323,Global,3,"Studies in Art is a course that involves an 
educational travel experience with on-site study of the art, culture and 
history of a country, group of countries or geographic region. The course 
includes pre-trip traditional lectures, slide identification and writing. On-
site activities include lectures, discussions, tours, and journal writings. 
This course satisfies a Seminole State College humanities requirement. 
The additional costs of the educational travel experience including the 
expenses associated with acquiring a valid US Passport are the 
responsibility of the student. (3-varies-3)"
ART 2713,Printmaking,3,"covers the basic media and processes 
involved in the relief and intaglio processes. Discussion of the equipment, 
materials, procedures, inks, and how they relate to a fine arts studio will 
also be included. Prerequisite: ART ""1103"" or ART ""1123"". OSRHE 
Matrix"
BIOL 1114,General,4,Biology (NON-MAJORS)
BI 101,Introductory,1,"non-majors biology course with lab. This course includes key concepts in 
biology (evolution, animals, plants, and prokaryotes) plus emphasized 
material selected by individual institutions and faculty. Minimum of four 
semester hours (lecture plus lab) credit. Prerequisite: ACT Science 
subscore of at"
BIOL 1110,General,0,Biology Lab. OSRHE Matrix
BIOL 1114,GENERAL,4,BIOLOGY (MAJORS)
BI 102,Introductory,2,"majors biology course with lab. This course includes an overview of 
fundamental biological concepts including metabolism, homeostasis, 
heredity, evolution, and ecology at the cellular and organismal levels. It 
provides the foundation for other advanced courses in the biological 
sciences. Minimum of four semester hours (lecture plus lab) credit. No 
prerequisites. A minimum"
BIOL 1214,Principles,4,"of Biology is an introductory majors biology 
course that provides an overview of life processes and interactions at all 
levels of biological organization. The course explains and investigates 
connections between biochemistry, metabolism, cellular structure and 
function, heredity, evolution, biodiversity, and ecology. Prerequisite: 
ACT Science subscore of at"
"BIOL 
1210",Principles,0,of Biology Lab. OSRHE Matrix
BIOL 1224,General,4,Botany BOTANY
BI 201,Introductory,1,"majors 
course covering the study of plants and related organisms with lab. May 
include key concepts in biology. Minimum of four semester hours 
(lecture plus lab) credit. No prerequisites. A minimum"
BIOL 1220,General,0,Botany Lab. OSRHE Matrix
BIOL 1234,General,4,Zoology
BI 701,Introductory,1,"majors course 
covering the study of animals and related organisms with lab. Topics 
include such areas as taxonomy, systematics, anatomy, physiology, 
ecology, behavior, and evolution. Minimum of four semester hours 
(lecture plus lab) credit. No prerequisites. A minimum"
BIOL 1230,General,0,Zoology Lab. OSRHE Matrix
BIOL 2113,Introduction,3,"to Nutrition considers basic nutrition as it 
is related to food and health problems in the present socioeconomic and 
cultural environment. This course is a practical application of the science 
of nutrition in planning diets for people of various ages and occupations. 
Prerequisite: ACT Science subscore of at"
BIOL 2114,Human,4,Anatomy
BI 406,Single,6,"semester human 
anatomy majors course with lab. Minimum of four semester hours 
(lecture plus lab) credit. Lab materials include either human cadaver or 
other appropriate mammalian dissections. Recommended prerequisite: 
introductory majors course in life science. OR Both semesters of two-
semester majors sequence in human anatomy and physiology with labs. 
Laboratory includes physiology, histology, and dissections of human 
cadavers or other appropriate mammalian dissections. Minimum of eight 
semester hours (lecture plus lab) credit (combined for both semesters). 
Required prerequisite: introductory general chemistry. Recommended 
prerequisite: introductory majors life science course. A minimum"
BIOL 2110,Human,0,Anatomy Lab. OSRHE Matrix
BIOL 2214,Human,4,Physiology
BI 465,Single,5,"semester human 
physiology majors course with lab. Minimum of four semester hour 
(lecture plus lab) credit. Required prerequisite: introductory general 
chemistry course. Recommended prerequisite: introductory majors life 
science course. OR Both semesters of two-semester majors sequence in 
human anatomy & physiology with labs. Laboratory includes physiology, 
histology, and dissections of human cadavers or other appropriate 
mammalian dissections. Minimum of eight semester hours (lecture plus 
lab) credit (combined for both semesters). ("
BIOL 2210,Human,0,Physiology Lab. OSRHE Matrix
BIOL 2224,Microbiology,4,
BI 301,Introductory,1,"majors course in 
microbiology with minimum of three clock hours of laboratory per week. 
Minimum of four semester hours (lecture plus lab) credit. Required 
prerequisite: introductory general chemistry course. A minimum"
BIOL 2220,Microbiology,0,Lab. OSRHE Matrix
BIOL 2300,Special,0,"Projects in Biology may be one to three credit 
hours depending on the depth of the project. Project will be approved and 
supervised by instructor. Instructor permission required. (Varies) 
 
 
BUSINESS ADMINISTRATION"
BA 1123,Introduction,3,"to Business covers a broad range 
of principles, concepts, and terminology relating to many 
areas of business. The major topics covered include 
economics, accounting, management, manufacturing, 
entrepreneurship, and small business ownership. (3-0-3)"
BA 1203,Introduction,3,"to Agriculture Economics covers 
production economics, principles of supply and demand, resource 
economics, world food situation, marketing of agricultural products, farm 
and ranch production, and food processing and distribution. (3-0-3)"
BA 1323,Global,3,"Studies in International Business is designed to 
introduce the student to a broad range of principles, concepts, and 
terminology relating to many areas of business with an emphasis on 
international activities. The major topics covered include the globalized 
economy, the importance of language and culture, globalizing the 
entrepreneurial firm, managing human resources globally, economic 
integration (common markets), and making alliances and acquisitions. 
This course includes a mandatory educational travel experience to a 
global hub of international business. The additional costs of the 
educational travel experience which may include expenses associated 
with acquiring a valid US Passport are the responsibility of the student 
and will range from $1,500 - $3,500. (3-varies-3)"
BA 1423,International,3,"Business is designed to introduce the student 
to a broad range of principles, concepts, and terminology relating to many 
areas of business with an emphasis on international activities. The major 
topics covered include the globalized economy, the importance of 
language and culture, globalizing the entrepreneurial firm, managing 
human resources globally, economic integration (common markets), and 
making alliances and acquisitions. (3-varies-3)"
BA 1603,Workplace,3,"and Cultural Competence develops the 
practical skills and awareness needed to operate successfully in"
BA 2113,Macroeconomics,3,"topics include basic principles of demand 
and supply, national income, accounting, business cycles, inflation and 
unemployment, determinants of the level of output, employment and 
prices, money and banking, fiscal policy, monetary policy, economic 
growth, international trade and finance. OSRHE Matrix"
BA 2123,Entrepreneurship,3,"examines the challenges faced in the 
creation and early growth stages of business enterprises including 
accounting, finance, opportunity recognition, legal constraints, 
management, marketing, taxation, and procedural problems. OSRHE 
Matrix"
BA 2132,Internship,2,"is a supervised work experience related to the 
student’s chosen technical-occupational field of study. Each internship 
experience is designed in cooperation with the sponsoring company and 
the student to provide a practical application in the work environment. 
Instructor permission required. (2-varies-2)"
BA 2133,Human,3,"Relations is a study of the relationship between 
employers and employees in the business workplace. The focus is on 
individuals within organizations and how their habits, patterns, personal 
problems, actions, and motives affect their job performance, morale, and 
job satisfaction. Emphasis is on employer-employee relations, including 
teamwork, group behavior, and conflict management. (3-0-3)"
BA 2213,Microeconomics,3,"topics include basic principles of demand 
and supply, elasticity, utility analysis, business organization, production 
and costs, market structures, factor market, government regulations, and 
international trade. OSRHE Matrix"
BA 2243,Personal,3,"Finance covers the various problems of 
individual/consumer financial management. Course content topics include 
personal budgeting, consumer loans and installment loans, credit cards 
and charge accounts, personal insurance, savings accounts, investments, 
social security, home ownership and purchase, commercial bank services, 
financial intuition services, personal taxes, wills, estate planning, 
retirement planning, career planning, financial planning, and leasing 
arrangements. OSRHE Matrix"
BA 2253,Business,3,"Statistics includes summary statistics, basic 
probability concepts, statistical distributions, binomial distribution: 
normal distribution, distribution of the sample mean, confidence intervals, 
hypothesis testing. Emphasis is on business applications. Prerequisite: 
ACT Math sub score of at"
BA 2300,Special,0,"Projects in Business Administration may be 
one to three credit hours depending on the depth of the project. Project 
will be approved and supervised by instructor. Instructor permission 
required. (Varies)"
BA 2403,Business,3,"Management is an introductory management 
course dealing with management theory and the fundamental principles of 
management including planning, organizing, leading, and controlling 
basic processes. OSRHE Matrix"
BA 2423,Business,3,"Ethics is designed to explore aspects of ethical 
issues in business. The concepts studied include moral philosophy in the 
business world, the basis and organization of businesses, and the role of 
business in society. (3-0-3)"
BA 2513,Marketing,3,"is a survey course for students who have prior 
coursework and understanding in business, includes a survey of all 
aspects of marketing: consumer behavior issues, products, pricing, 
distribution, promotion, research, strategy, and trends. OSRHE Matrix"
BA 2903,Internship,3,"in Business is supervised work experience 
related to the student's chosen field of study designed collaboratively by 
the student, instructor, and the sponsoring firm. Internships provide real-


 
world experience, professional mentoring, and practical application of 
acquired skills. Internships may be paid or unpaid. (0-varies-3) 
 
 
CHEMISTRY"
CHEM 1114,Introduction,4,to Chemistry
CH 110,Introductory,0,"Chemistry, a one-semester courses in preparation for the general 
chemistry sequence or for students with degree plan that has a one-
semester chemistry requirement. This course includes fundamental 
knowledge of inorganic chemistry; with laboratory. Prerequisite: 
Elementary high school algebra skills. A minimum"
CHEM 1110,Introduction,0,"to 
Chemistry Lab. OSRHE Matrix"
CHEM 1315,General,5,Chemistry I
CH 140,General,0,"Chemistry I is 
an algebra based course. This course includes nomenclature, atomic and 
molecular structure, stoichiometry, bonding, states of matter, 
thermochemistry, acids and bases, and gas laws; with laboratory. Co-
requisite: College Algebra or equivalent. A minimum"
CHEM 1114,with,4,"C or better. 
Corequisite:"
CHEM 1310,General,0,Chemistry I Lab. OSRHE Matrix
CHEM 1515,General,5,Chemistry II
CH 150,General,0,"Chemistry II 
is an algebra-based course. This course is a continuation of CH140 with 
emphasis on kinetics, equilibrium, thermodynamics, electrochemistry, 
qualitative analysis, organic chemistry, biochemistry, and nuclear 
chemistry; with laboratory. Prerequisite: CH140. A minimum"
CHEM 1510,General,0,"Chemistry II Lab. 
OSRHE Matrix"
CD 1103,Child,3,"Development This course will identify patterns of 
the physical, intellectual and emotional/psycho-social development of 
children. The course will recognize the major theories of human 
development as they apply to children. This course satisfies the CDA 
Competency #6. OSRHE Matrix"
CD 1123,Introduction,3,"to Early Childhood Education Course 
emphasis on promoting optimum development and support of families 
and children within programs and the larger community. This course 
satisfies the CDA Competencies #2, #3, #4, and #5. It is recommended 
that Child Development majors complete this course before"
CD 1223,Behavior,3,"and Guidance of Young Children 
Developmental needs and behavior of young children with emphasis on 
methods and principles of positive guidance. No supervised lab required. 
This course satisfies the CDA Competency #3. OSRHE Matrix"
CD 2113,Program,3,"and Curriculum Planning for Early Course 
covers how to create, evaluate, and select developmentally appropriate 
materials, equipment, and environments that support children’s early 
learning. Provides the opportunity to plan, implement, and evaluate an 
integrated curriculum that focuses on children’s needs and interests and 
takes into account culturally valued content and children’s home 
experiences. This course satisfies the CDA Competencies #2, #3, #5, and 
#6. Prerequisite:"
CD 2143,Family,3,"and Community Relationships Course 
emphasis on promoting optimum development and support of families 
and children within programs and the larger community. This course 
satisfies the CDA Competency #4. OSRHE Matrix"
CD 2163,Administration,3,"of Early Childhood Programs Focus 
on how to effectively manage child care programs. Relevant and 
current issues in the field are addressed. Licensing requirements, 
managing staff, and ethical professional issues are studied. How 
to implement developmentally appropriate practices and how to 
create a positive and safe learning environment are included. This 
course satisfies the CDA Competencies #5 and #6 and"
CD 2333,Field,3,"Experience is a practicum course at a pre-approved 
child development center setting serving children from birth through third 
grade. Additional written assignments are required. Students may also be 
awarded advanced standing credit for the course by providing written 
documentation of six months of employment at a child development 
center serving children from birth"
CD 2393,Daily,3,"Programming for Infants and Toddlers is 
designed for students who teach in programs that serve infants and 
toddlers. Course includes theories related to cognitive and social 
development and understanding individual differences and their effects 
on child development. Observation methods, supporting play, and 
curriculum for infants and toddlers are included. This course satisfies the 
CDA Competencies #2, #3 and #5 for infant/toddler certification. OSRHE 
Matrix"
CAP 1103,Introduction,3,"to Microsoft Office is 
designed as an introduction to Microsoft Office which covers 
the following applications: Word, Excel, Access, and 
PowerPoint. OSRHE Matrix"
CAP 2103,Advanced,3,"Microsoft Word further develops word 
processing and desktop publishing skills for the creation of professional 
quality documents. Techniques included are formatting, editing, working 
with outlines and master documents, collaboration, creating forms, and 
customizing Microsoft Word with macros. Prerequisite CA ""1103"" or 
instructor permission. (3-0-3)"
CAP 2603,Advanced,3,"Microsoft Access is a practical course which 
covers the creation and management of a database including building 
tables and creating quires, forms, and reports. Prerequisite CA ""1103"" or 
instructor permission. OSRHE Matrix"
CAP 2643,Advanced,3,"Microsoft Excel includes development of 
professional quality computerized spreadsheets in Microsoft Excel. 
Advanced topics covered are embedding and linking worksheets and 
graphs, integrating Excel with other Windows programs and the internet, 
creating data tables, importing data, and enhancing worksheets with 
macros and Visual Basic. Prerequisite CA ""1103"" or instructor 
permission. OSRHE Matrix"
CS 1003,Elementary,3,Computer Literacy
CS 000,A,0,"course with 
no prerequisites intended for both CS majors and non-majors. This course 
involves training in spreadsheets, databases, word-processing, ethics, 
vocabulary, internet skills, and file system management. 
OSRHE Matrix"
CS 1033,Computer,3,"Logic and Flowcharting is an introductory 
course in structured logic techniques. Topics to be covered include 
principles of problem solving, flowcharts, pseudo code, common 
language structures, internal and external documentation, debugging, 
using variables and constants, data types and the hierarchy of math 
operations. (3-0-3)"
CS 1113,Programming,3,in Visual Basic
CS 007,A,7,"first course in 
Visual Basic programming. This course includes graphical user interface 
design, event driven programming, tool box controls and properties, basic 
control structures, and dynamic arrays. OSRHE Matrix"
CS 1313,Programming,3,in Java
CS 009,A,9,"course taught in the Java 
language in object oriented programming. This course includes basic 
control structures, files, input/output, single and multidimensional arrays, 
searching, and sorting. OSRHE Matrix"
CS 1173,Hardware,3,"System Support focuses on the management 
and maintenance of hardware and operating systems environments 
including user administration, security, back-up/recovery, advanced 
systems performance evaluation, and troubleshooting. (3-0-3)"
CS 1183,Information,3,"Security explores the principles of 
information assurance, with emphasis on current threats and 
vulnerabilities, infrastructure and operational security, cryptography, 
legal and ethical issues, and security policies, practices, and procedures. 
OSRHE Matrix"
CS 1303,Ethics,3,"in Information Technology provides a 
comprehensive overview of the current ethical issues in information 
technology (IT) use. It examines an array of long-standing and emerging 
issues facing IT users, ranging from free speech, privacy, intellectual 
property, security and crime to ethics in social networking, online 
communities, and online gaming. The course will discuss the ethical 
responsibilities of IT professionals, and promote the critical examination 
and responsible use of IT. (3-0-3)"
CS 2003,Webpage,3,"Design Using HTML covers the fundamentals 
of Hyper Text Markup Language (HTML), web page design and creation, 
and web development through the application of various development 
principles, tools, and technologies. OSRHE Matrix"
CS 2013,Programming,3,"in C++ I covers the problem-
solving/software construction process. This will include problem analysis, 
program design, program coding in the C++ language, basic control 
structures, files, input/output, single and multi-dimensional arrays, 
searching, and sorting. OSRHE Matrix"
CS 2023,Programming,3,in C++ II is a continuation of
CS 2013,emphasizing,3,"advanced procedural and structural programming concepts 
including searching and sorting, recursion, pointers/references, dynamic 
allocation, file IO, user-defined types, and advanced problem solving and 
program design. Prerequisite: Grade of C or better in"
CS 2033,Script,3,"Programming includes the development and 
execution of scripts. Topics include parsing command line arguments, 
regular expressions, programming logic, functions, error handling, file 
processing and other scripting technologies. (3-0-3)"
CS 2173,Operating,3,"Systems includes installation and configuration 
of a computer operating system including file management and system 
security. OSRHE Matrix"
CS 2300,Special,0,"Projects in Computer Science may be one to 
three credit hours depending on the depth of the project. Project will be 
approved and supervised by instructor. Instructor permission required. 
(Varies) 
 
 
CRIMINAL JUSTICE"
CJ 1103,Introduction,3,"to Criminology is an introduction to the 
systematic examination of the basic nature of crime. Emphasis is placed 
on extent, social foundations, police, courts, law, prisons, theories of 
punishment, theories of causation, and efforts in prevention. OSRHE 
Matrix. (3-0-3)"
CJ 1123,Introduction,3,"to Criminal Justice Systems is an 
overview of the Criminal Justice System and the three traditional 
elements of the criminal justice system: police, courts and corrections as 
they pertain to adults and juveniles. It provides an understanding of the 
participants and their roles in accomplishing the mission of the Criminal 
Justice System. OSRHE Matrix"
CJ 1233,Adult,3,"Correctional Systems is an overview of the 
historical development and a complete analysis of the entire adult 
corrections system. OSRHE Matrix"
CJ 1143,Introduction,3,"to Law Enforcement is a study of basic 
information that will serve as an overview of the entire law enforcement 
field as well as a solid foundation for future Criminal Justice course work. 
The history of law enforcement in a democratic society; introduction to 
agencies involved in administration of Criminal Justice and its evolution 
up to the present are included. OSRHE Matrix"
CJ 2103,Ethics,3,"in Criminal Justice will examine the importance of 
addressing ethical considerations as they pertain to law enforcement, 
courts, and corrections. Students will learn how ethics plays a vital role in 
our society and how societal views of unethical, immoral, and/or illegal 
behavior help to shape and change policies within these organizations. 
Students will learn various philosophical and ethical principles set forth 
by philosophers such as Plato, Aristotle, Hume, and others and consider 
their practical application to current issues. Students will consider these 
principles, common codes of practice, and current case law and determine 
the best decision-making model. (3-0-3)"
CJ 2203,Rules,3,"of Evidence covers the collection and presentation of 
legal evidence in the justice system. Topics covered include the 
responsibility peace officers have in the lawful collection and 
presentation of evidence, relevancy, materiality, weight, burden of proof, 
presumptions, types of evidence, judicial notice, evidentiary privileges, 
best evidence, opinion evidence, and hearsay evidence and its exceptions. 
OSRHE Matrix"
CJ 2243,Fundamentals,3,"of Criminal Investigation is a study of a 
criminal investigation and what constitutes effective, efficient 
investigation. The equipment, technology and procedures that facilitate 
investigations, including the theory and history of conduct at a crime 
scene, the collection and presentation of evidence, and the basis of 
investigating crimes against the person and crimes against property are 
also included. OSRHE Matrix"
CJ 2253,Juvenile,3,"Justice Procedures is an overview of the 
organization, function, and jurisdiction of the juvenile justice system; 
methods of handling, processing, and detention of juveniles; and case 
disposition and court procedures. OSRHE Matrix"
CJ 2300,Special,0,"Projects in Criminal Justice may be one to three 
credit hours depending on the depth of the project. Project will be 
approved and supervised by instructor. Instructor permission required. 
(Varies) 
 
 
ENGINEERING"
ENGR 1113,Introduction,3,"to Engineering is a project-based 
introduction to engineering principles, disciplines, design, problem-
solving and computer aided drafting. (3-0-3)"
ENGR 1123,Geometric,3,"Dimension and Tolerance covers basic 
principles of reading and understanding technical drawings and 
manufacturing tolerances. Topics included are general dimensions and 
tolerances, blueprints, material modifiers, and form, profile, orientation, 
runout, and location tolerances as used by the American Society of 
Mechanical Engineers. Corequisite:"
ENGR 1120,Geometric,0,"Dimension 
and Tolerance Lab. (2-2-3)"
ENGR 1133,Manual,3,"Machining Skills covers basic principles in 
machining and fabrication. Topics included are press operations, milling 
operations, cutting fluids, lubricants, and machine maintenance. 
Prerequisite:"
ENGR 1130,Manual,0,"Machining 
Skills Lab. (2-2-3)"
ENGR 2003,Principles,3,"of Mechanical Design covers basic 
principles in work and machines. Topics included are force, work, torque, 
power, pliers, wrenches, threaded fasteners, screwdrivers, gears, bearings, 
seals, gaskets, shafts, gear driven systems, belt driven systems, chain 
driven systems, and maintenance on these systems. Prerequisite:"
ENGR 2000,Principles,0,"of Mechanical Design Lab. (2-
2-3)"
ENGR 2013,Principles,3,"of Electrical Design covers basic 
principles in AC/DC circuitry. Topics included are electrical 
measurements, voltage, resistance, capacitance, inductance, power, 
transformers, series circuits, parallel circuits, complex circuits, digital and 
analog meters, Kirchoff’s Rules, Electromagnetic fields, logic and 
sequencing, and timers. Prerequisite: MATH ""1513"". Corequisite:"
"ENGR 
2010",Principles,0,of Electrical Design Lab. (2-2-3)
ENGR 2903,Engineering,3,"Internship unites basic principles of 
engineering with the workplace environment in the form of a paid or 
unpaid internship. (0-varies-3) 
 
 
ENGLISH"
ENG 0103,English,3,"as a Second Language I covers the basic 
structures and patterns of English. The class stresses listening and 
speaking in English to better prepare students to accept direction in other 
courses. The class integrates English grammar, spelling, and punctuation 
with formal or academic reading and writing. The design of this course 
provides the scaffolding students from other countries require to succeed 
in an American institute of higher education. ESL courses provide 
English-language learners additional support in their other courses while 
mastering academic English conventions. Students must pass with a “C” 
or better to move on to"
ENG 0173,English,3,"as a Second Language II is a study of basic 
speaking and writing. This course will build existing English language 
skills with an emphasis in academic writing and reading as well as 
speaking and listening. It will also build academic speech by building on 
vocabulary through the immersion of language skills. This class is"
ENG 0183,English,3,"as a Second Language III is a study of basic 
speaking and writing. This course will build existing English language 
skills with an emphasis in academic writing and reading as well as 
speaking and listening. It will also build academic speech by building on 
vocabulary through the immersion of language skills. Students must pass 
with a “C” to move on to a higher level ENG class. Student will take a 
pre-test to achieve an academic standing in this class. (3-0-0)"
ENG 0203,Special,3,"Topics in Composition is a study of correct 
usage and writing modes in which students will receive targeted support 
to help boost their understanding and learning. This class emphasizes 
expository and persuasive essays, academic research, and proper 
attribution. The course consists primarily of instructor-directed tutoring 
for students with basic academic skills deficiencies in reading who are 
coenrolled in ENG ""1113"". Students required to take ENG ""0203"" must pass 
both ENG ""0203"" and ENG ""1113"" to receive credit for either of the courses. 
Prerequisite: ACT Reading or ENGLISH subscore"
ENG 1113,Composition,3,"I studies correct usage and writing modes. 
The class emphasizes expository and persuasive essays, academic 
research and proper attribution. Prerequisite: ACT English score"
ENG 1213,Composition,3,"II focuses on critical analysis and 
developing argumentative essays. A research paper is required. 
Prerequisite: ENG ""1113"". OSRHE Matrix"
ENG 1313,Technical,3,"Report Writing provides an introduction to 
the techniques of technical writing. OSRHE Matrix"
ENG 1803,Native,3,"American Literature studies American Indian 
authors’ books, poetry, prose, and other American Indian-focused literary 
compositions. This course will also discuss the literary, cultural, 
historical, religious and political themes and implications of the American 
Indian authors and the literature. OSRHE Matrix"
ENG 2103,Fiction,3,"Writing places special emphasis upon voice, style 
and expression of fictional writing. (3-0-3)"
ENG 2113,Creative,3,"Writing includes writing drama, poetry, 
nonfiction, and fiction. The course emphasizes voice, style, and audience. 
OSRHE Matrix"
ENG 2123,Introduction,3,"to Poetry includes instruction and practice 
in writing various forms of poetry. The course places special emphasis 
upon voice, style, and expression. (3-0-3)"
ENG 2403,Global,3,"Studies in Language Arts and Humanities 
is a course that involves an educational travel experience with on-site 
study of the art, culture and history of a country, group of countries or 
geographic region. The course includes pre-trip traditional lectures and 
writing. On-site activities include lectures, discussions, tours, and journal 
writings. This course satisfies a Seminole State College humanities 
requirement. The additional costs of the educational travel experience 
including the expenses associated with acquiring a valid US Passport are 
the responsibility of the student. (3-varies-3)"
ENG 2413,Introduction,3,"to Literature introduces literary concepts 
using poetry, short stories, and plays, with some discussion of the 
historical, political, cultural, or social influences surrounding the 
literature. This course satisfies a Seminole State College humanities 
requirement. OSRHE Matrix"
ENG 2433,World,3,"Literature I is the study of cultural, 
philosophical, and religious themes from antiquity through"
ENG 2543,British,3,"Literature I links historical, social, cultural, and 
artistic developments in a sampling of the best of English literary 
heritage. Beginning with the Anglo-Saxon world, the course moves 
through the Middle Ages, the Early Modern Period, the Restoration, and 


 
the early Eighteenth Century. This course satisfies a Seminole State 
College humanities requirement. OSRHE Matrix"
ENG 2653,British,3,"Literature II begins with the Romantic era and 
progresses through the Victorian, Modern, and Postmodern periods of art 
and literature, examining the historical, social, and cultural themes and 
implications of the literature. This course satisfies a Seminole State 
College humanities requirement. OSRHE Matrix"
ENG 2753,American,3,"Literature I is a chronological view of writers 
contributing to literature in America"
ENG 2883,American,3,"Literature II is a chronological view of 
writers contributing to literature in America"
ENVS 1114,Introduction,4,"to Environmental Science covers the 
scientific study of interactions among organisms, including humankind, 
with each other and their physical environment including sustainable 
resource management and the impacts of human populations and 
activities. Prerequisite: ACT Science subscore of at"
ENVS 1110,Environmental,0,"Science Lab. (3-2-
4) 
 
 
GEOGRAPHY"
GEOG 1123,World,3,"Regional Geography is a survey of the earth 
and its peoples in developed and less-developed regions. Geographic 
literacy, important physical, cultural, economic, and political features of 
the world today, and place-name familiarity are emphasized. OSRHE 
Matrix"
GOV 1113,American,3,"National Government studies 
the principles, structure, processes, and functions of the 
United States Federal government. Emphasis is placed on 
state origins, evolution of constitutionalism, and basic 
theories of American government. OSRHE Matrix"
GOV 1303,State,3,"and Local Government is an introduction to the 
organization, structure functions, and administration of state and local 
governments. OSRHE Matrix"
GOV 2013,Introduction,3,"to International Relations studies the 
core theories and basic concepts that political scientists use to understand 
world politics. Emphasis is placed on the different theoretical approaches, 
actors, and perspectives to International Relations, the historical context 
of contemporary International Relations, and on issues of war, national 
security, and globalization. OSRHE Matrix"
GOV 2300,Special,0,"Projects in Government may be one to three 
credit hours depending on the depth of the project. Project will be 
approved and supervised by instructor. Instructor permission required. 
(Varies) 
 
 
HEALTH, PHYSICAL EDUCATION, AND RECREATION"
HPER 1012,Wellness,2,"and Human Development In 
this course, students will understand basic health and 
wellness concepts to lead a healthy lifestyle. They will be 
able to assess their own personal health, understand risky 
behaviors, and know the most prevalent diseases in the 
general population and contemporary findings related to health and 
wellness. OSRHE Matrix"
HPER 1121,Basketball,1,"Participation is participation in varsity 
athletics. (Activity Course) (0-6-1)"
HPER 1131,Baseball,1,"Participation is participation in varsity 
athletics. (Activity Course) (0-6-1)"
HPER 1161,Golf,1,"Participation is participation in varsity athletics. 
(Activity Course) (0-6-1)"
HPER 1171,Softball,1,"Participation is participation in varsity 
athletics. (Activity Course) (0-6-1)"
HPER 1181,Volleyball,1,"Participation is participation in varsity 
athletics. (Activity Course) (0-6-1)"
HPER 1201,Soccer,1,"Participation is participation in varsity 
athletics. (Activity Course) (0-6-1)"
HPER 1241,Yoga,1,"is an introductory yoga course developed for 
students of all fitness levels. Students will learn basic yoga postures, 
breathing and relaxation techniques designed to assist in increased 
flexibility, strengthen muscles and reduce stress level. (Activity Course) 
(0-2-1)"
HPER 1551,Physical,1,"Fitness is a program to develop strength, 
agility, power, speed, and flexibility. (Activity Course) (0-2-1)"
HPER 1953,Introduction,3,"to Health, Physical Education, and 
Recreation is a study of the past, present, and future status of the fields 
and their impact on society. Career opportunities are discussed. (3-0-3)"
HPER 2053,Sociology,3,"of Sport is a systematic approach to 
demonstrating the relevance of sociological approaches to the 
understanding of sport and its impact on society. (3-0-3)"
HPER 2132,Officiating,2,"Rules and Procedures covers the rules 
and techniques of officiating sports of football, basketball, baseball and 
softball with general discussion of rules and procedures of other popular 
sports. (2-0-2)"
HPER 2222,First,2,"Aid and CPR is designed to provide students with 
the knowledge and skills needed in situations that require emergency first 
aid. (2-0-2)"
HPER 2233,Care,3,"& Prevention of Athletic Injuries covers 
symptoms of common athletic injuries and their immediate treatment and 
care. (3-0-3)"
HPER 2262,Theory,2,"of Coaching is the study of the nature, scope 
and significance of the coaching profession. Emphasis is placed upon 
successful methods of athletic coaching philosophies of the past and 
present. This course includes discussions on the current and future status 
of the coaching fields and their impacts on society. (2-0-2)"
HPER 2300,Special,0,"Projects in HPER may be one to three credit 
hours depending on the depth of the project. Project will be approved and 
supervised by instructor. Instructor permission required. (Varies)"
HPER 2413,Applied,3,"Anatomy is a study of the structure and 
function of the human body with a special emphasis on study of 
anatomical structure and systems related to movement. (Activity Course) 
(3-0-3)"
HIST 1223,History,3,of Native Americans
HIST 1243,History,3,of Native Americans
HIST 1483,American,3,History
HIST 1493,American,3,History
HIST 2113,The,3,"American West is a survey of the American West 
beginning with pre-history and continuing into European penetration and 
settlement through conquest. The course stresses political, economic, and 
social development and the emergence of the modern American West and 
its issues. OSRHE Matrix"
HIST 2203,Native,3,"American History and Policy is a survey of 
the history of Native Americans in North America from before European 
contact to the present. Emphasis is on the social, economic, political, and 
legal policies of the period and their effects. Other areas include the 
contributions of Native Americans to the development of American 
society. OSRHE Matrix"
HIST 2223,Early,3,Western Civilization
HIST 2233,Modern,3,Western Civilization
HIST 2300,Special,0,"Projects in History may be one to three credit 
hours depending on the depth of the project. Project will be approved and 
supervised by instructor. Instructor permission required. OSRHE Matrix"
HUM 1103,The,3,"Life of Jesus is a literary examination of the birth, 
life, and death of Jesus of Nazareth. This course focuses on the roles of 
history, culture, and the arts during Jesus’s lifetime and satisfies the 
Seminole State College humanities requirement. (3-0-3)"
HUM 1113,Old,3,"Testament is a scholarly survey of Old Testament 
literature, with special attention given to literary form and historical 
background. This course focuses on the roles of history, culture, and the 
arts at the time of the Old Testament and satisfies the Seminole State 
College humanities requirement. (3-0-3)"
HUM 1143,New,3,"Testament is a scholarly survey of New Testament 
literature, with special attention given to literary form, historical 
background, and religious messages. This course focuses on the roles of 
history, culture, and the arts at the time of the New Testament and 
satisfies the Seminole State College humanities requirement. (3-0-3)"
HUM 2123,Multiculturalism,3,"through Film illustrates the diverse 
cultural aspects of the many societies in the world. The course will focus 
on how various sub-cultures have been perceived through film. Course 
focuses on the roles of history, culture and the arts within civilization. 
This course satisfies a Seminole State College humanities requirement. 
OSRHE Matrix"
HUM 2173,Introduction,3,"to Film & TV Studies introduces 
students to the history, criticism and theory of film and television. The 
course focuses on the fundamental formal elements and significant 
historical, cultural, social, and technological developments of film and 
television. Students will examine formal techniques as well as principles 
of narrative, genre, media style, and theory in order to explore the many 
was of analyzing film and television through class discussion and written 
assignments. This course satisfies a Seminole State College humanities 
requirement. (3-0-3)"
HUM 2323,Social,3,"Science Issues as Perceived through Movies 
will focus on important social and political issues in American History 
from the Civil War until the present, and in particular how these issues 
are perceived and interpreted through movies. Course focuses on the roles 
of history, culture, and the arts within civilization. This course satisfies a 
Seminole State College humanities requirement. OSRHE Matrix"
HUM 2333,Leadership,3,"Development through the Classics has 
as its central focus the development of leadership skills. The course is 
designed to provide a basic understanding of leadership and group 
dynamics theory and to assist the student in developing an awareness of 
the moral and ethical responsibilities of leadership and a personal 
philosophy of leadership. The course integrates readings from classic 
works of literature and modern leadership theory with experiential 
learning exercises, the viewing of films which deal with leadership styles 
and class discussions. This course satisfies a Seminole State College 
humanities requirement. (3-0-3)"
HUM 2343,Global,3,"Studies in Humanities is a course that involves 
an educational travel experience with on-site study of the art, culture and 
history of a country, group of countries or geographic region. The course 
includes pre-trip traditional lectures and writing. On-site activities include 
lectures, discussions, tours, and journal writings. This course satisfies a 
Seminole State College humanities requirement. The additional costs of 
the educational travel experience including the expenses associated with 
acquiring a valid US Passport are the responsibility of the student. (3-
varies-3"
HUM 1803,Native,3,"American Literature studies American Indian 
authors’ books, poetry, prose, and other American Indian-focused literary 


 
compositions. This course will also discuss the literary, cultural, 
historical, religious and political themes and implications of the American 
Indian authors and the literature. OSRHE Matrix"
HUM 2413,Introduction,3,"to Literature introduces literary concepts 
using poetry, short stories, and plays, with some discussion of the 
historical, political, cultural, or social influences surrounding the 
literature. This course satisfies a Seminole State College humanities 
requirement. OSRHE Matrix"
HUM 2433,World,3,"Literature I is the study of cultural, 
philosophical, and religious themes from antiquity through"
HUM 2543,British,3,"Literature I links historical, social, cultural, and 
artistic developments in a sampling of the best of English literary 
heritage. Beginning with the Anglo-Saxon world, the course moves 
through the Middle Ages, the Early Modern Period, the Restoration, and 
the early Eighteenth Century. This course satisfies a Seminole State 
College humanities requirement. OSRHE Matrix"
HUM 2653,British,3,"Literature II begins with the Romantic era and 
progresses through the Victorian, Modern, and Postmodern periods of art 
and literature, examining the historical, social, and cultural themes and 
implications of the literature. This course satisfies a Seminole State 
College humanities requirement. OSRHE Matrix"
HUM 2753,American,3,"Literature I is a chronological view of 
writers contributing to literature in America"
HUM 2883,American,3,"Literature II is a chronological view of 
writers contributing to literature in America"
MATH 0203,Special,3,"Topics in Math is a study of the basics of set 
theory, functions and relations, history of numeration systems, 
probability, statistics, geometry, and problem solving. The course consists 
primarily of instructor-directed tutoring for students with basic academic 
skills deficiencies in math who are coenrolled in MATH ""1413"". Students 
required to take MATH ""0203"" must pass both MATH ""0203"" and"
"MATH 
1413",to,3,"receive credit for either of the courses. Corequisite: MATH ""1413"". 
(3-0-3)"
MATH 0223,Special,3,"Topics in Statistics is a study of skills 
necessary for statistical methods including basic statistical terminology, 
organization of data, measure of central tendency, probability 
distributions, hypothesis testing, and other statistical techniques. The 
course consists primarily of instructor-directed tutoring for students with 
basic academic skills deficiencies in math who are coenrolled in"
MATH 0243,Special,3,"Topics in Algebra is a study of factoring, 
quadratic equations, applications of quadratic equations, rational 
expressions, roots and radicals, and complex numbers. The course 
consists primarily of instructor-directed tutoring for students with basic 
academic skills deficiencies in math who are coenrolled in MATH ""1513"" 
or MATH ""1523"". Students required to take MATH ""0243"" must pass both 
MATH ""0243"" and MATH ""1513"" or MATH ""1523"" to receive credit for either 
of the courses. Corequisite: MATH ""1513"" or MATH ""1523"". (3-0-3)"
MATH 1002,Introduction,2,"to Math for Health Sciences 
introduces the computational skills need to study in health career 
programs. Topics include operation on fractions, decimals, percentages, 
as well as the use of formulas, ratio and proportion, basic algebra 
concepts, and measurement. Students will evaluate and solve dosage 
calculation problems which are specific to scenarios dealing with 
medication administration for patients across the life span including, but 
not limited to, pediatric computation and critical care situations. (2-0-2)"
MATH 1413,Quantitative,3,"Reasoning explores various topics 
designed to give the student an appreciation of mathematics and to expose 
the student to mathematical problems within numerous disciplines. Not 
intended for students majoring in science, mathematics, computer 
science, and business. Prerequisite: ACT Math sub score of at"
MATH 1503,Elementary,3,"Statistics is the study of descriptive 
statistics (histograms, pie charts, pictograms, graphs, etc.); summary 
statistics (central tendency – mean, median, mode; variability – variance, 
standard deviation, range); basic probability concepts; statistical 
distributions; Binomial Distribution; Normal Distribution; distribution of 
the sample mean (proportion); confidence intervals; hypothesis testing 
(generally one population Normal & binomial, and difference in means or 
proportions situations). Prerequisite: ACT Math sub score of at"
MATH 1613,Plane,3,"Trigonometry is the study of trigonometric 
functions and their inverses, trigonometric identities, solutions of 
triangles, and applications. Suitable for students planning on taking 
calculus. Prerequisite: MATH ""1513""/1523 (or concurrent enrollment) or 
instructor approval. OSRHE Matrix"
MATH 2113,Mathematics,3,"Concepts for Educators I is a course 
designed to provide the foundations for teaching mathematics on the 
elementary level. Selected topics will include the origin of numerals and 
systems of numeration, sets and relations, and the structure and properties 
of the systems of the whole numbers, the integers, the rational numbers, 
and the real numbers. Course does not satisfy general education 
mathematics requirement. Prerequisite: ACT Math sub score of at"
MATH 2123,Math,3,"Concepts for Educators II is a course 
designed to provide foundations for teaching Mathematics on the 
elementary level. Selected topics include basic geometric ideas and 
notations, constructions, similarity, measurement, and motion geometry. 


 
Estimation, problem solving, and algebraic thinking are integrated 
throughout the course. Course does not satisfy general education 
mathematics requirement. Prerequisite: ACT Math sub score of at"
MATH 2133,Math,3,"Concepts for Educators III is a course 
designed to provide foundations for teaching Mathematics on the 
elementary level. Selected topics will include rational numbers, decimals 
and applications, real numbers, probability, and statistics. Estimation, 
problem solving, and algebraic thinking are integrated throughout the 
course. Course does not satisfy general education mathematics 
requirement. Prerequisite: ACT Math sub score of at"
MATH 2213,Calculus,3,"for Business and Biology is the informal 
study of differentiation and integration as applied primarily to 
polynomial, exponential, and logarithmic functions. Intended for students 
planning to major in business, life science, and social science. 
Prerequisite: MATH ""1523"" (or concurrent enrollment) or instructor 
approval. OSRHE Matrix"
MATH 2215,Calculus,5,"and Analytic Geometry I is a study of 
functions of one variable, rectangular coordinates, equations and 
properties of algebraic plane curves, limits, derivatives, differentials, 
antiderivatives, definite integrals, conic sections, and applications of 
derivatives and integrals. Prerequisite:"
MATH 2300,Special,0,"Projects in Math may be one to three credit 
hours depending on the depth of the project. Project will be approved and 
supervised by instructor. Instructor permission required. (Varies)"
MATH 2424,Calculus,4,"and Analytic Geometry II is a study of 
the analysis of transcendental functions, polar coordinates, parametric 
equations and curvilinear motion, formal integration, approximate 
integration and improper integrals with applications. Prerequisite:"
MATH 2434,Calculus,4,"and Analytic Geometry III is a study of 
indeterminate forms, infinite series, Taylor’s formula and expansion of 
function, functions of several variables, analytic geometry of three 
dimensions, partial derivatives, and multiple integrals. Prerequisite: 
MATH ""2434"". (4-0-4)"
MATH 2533,Differential,3,"Equations includes the study of first 
order differential equations, higher order linear equations, series of 
equations, the Laplace transform, numerical methods, and applications. 
Prerequisite: MATH ""2434"" or instructor permission. (3-0-3) 
 
 
MEDICAL LABORATORY TECHNOLOGY"
MLT 1113,Principles,3,"and Practice of Phlebotomy is a course for 
phlebotomy trainees and professionals new to the medical laboratory 
technology field who need to acquire phlebotomy skills, as well as 
acquire a comprehensive overview of the key areas of the clinical 
laboratory including specimen collection, specimen transport, processing 
and handling, quality control and professional behavior. Lectures and 
student labs will be completed on campus during a two-week session. The 
clinical practicum requires the student to travel to a clinical affiliate to"
MLT 1402,MLT,2,"Orientation is an introduction to the field of 
medical laboratory science including laboratory organization, ethics, and 
principles of laboratory safety as well as a study of medical terminology 
and mathematical tools commonly used in the laboratory. (2-0-2) 
 
NOTE: Enrollment and completion of this course does not 
guarantee acceptance into the MLT Program. Students 
enrolled in this class are not considered accepted into the 
MLT Program until completion of this course and/or 
applications have been submitted and approved. Applicants 
will be notified of acceptance prior to enrollments for the 
following semester."
MLT 1412,Urinalysis,2,"and Body Fluids covers physical and 
chemical tests on urine and body fluids and microscopic study of cells 
and crystals. Permission required from the MLT Program Director. (2-2-
2)"
MLT 1515,Hematology,5,"covers the theory and practical application of 
hematology and homeostasis systems, and includes diagnostic tests 
performed on blood samples and testing for coagulation studies. 
Permission required from the MLT Program Director. (3-4-5)"
MLT 1523,Instrumental,3,"Analysis is an introduction to the 
mathematical concepts of laboratory operations, and quality assurance 
involving pre-analytical, analytical, and post-analytical systems. Methods 
and principles of automation and laboratory information systems are 
covered. Permission required from the MLT Program Director. 
Prerequisite:"
MLT 2101,MLT,1,"Capstone Seminar brings together all the ethical 
and technical applications taught in the MLT program. A discussion 
format, enhanced by speakers, role-playing, problem-solving and case 
studies will better prepare the graduate for employment in the health care 
industry. To be taken one time only, during the last semester prior to 
Clinical Practicum. Permission required from the MLT Program Director. 
(1-0-1)"
MLT 2413,Hematology,3,Clinical Practicum involves student
MLT 2423,Clinical,3,Chemistry Practicum involves student
MLT 2433,Microbiology,3,Clinical Practicum involves student
MLT 2434,Immunology,4,"and Blood Banking is a study of the 
antigen-antibody reaction and immune response and applications in 
serological testing and blood banking. Blood typing, antibody screening 
and identification, fetal screening and crossmatching are covered in 
detail. Prerequisite: Permission required from the MLT Program Director. 
(3-3-4)"
MLT 2443,Blood,3,Banking Clinical Practicum involves student
MLT 2455,Clinical,5,"Chemistry covers theory and specific tests used 
in diagnosing and monitoring disease states including manual and 
automated methods of performing chemical determinations. Permission 
required from the MLT Program Director. Prerequisite:"
MLT 2462,Medical,2,"Mycology and Parasitology covers culture 
and identification techniques and study of medically important fungi. 
Parasitology will be covered studying life cycles, mode of transmission 
and microscopic identification of medically important parasites. 
Permission required from the MLT Program Director. (2-2-2)"
MLT 2564,Clinical,4,"Microbiology is the study limited to bacteria of 
medical importance to man. Emphasis is placed on specimen collection 
and processing, media, isolation and culture techniques, biochemical tests 
and staining techniques used in identification and susceptibility testing. 
Permission required from the MLT Program Director. Prerequisite: 
MICR ""2224"". (3-3-4)"
MLT 2502,Certification,2,"Exam Review will prepare the recent 
MLT graduate and others wishing to take the national certification exam. 
The format covers all areas of the exam by answering and discussing 
questions in class. Additional computer programs and visual aids are 
available for study. Practice exams are given. Permission required from 
the MLT Program Director. Prerequisite: Completion of all MLT 
Program Courses and Clinical Practical. This course is optional and not a 
program requirement. It is open to graduates of other MLT Programs 
and anyone eligible for the national certification exams. (2-0-2) 
 
 
MUSIC"
MUS 1213,Music,3,"Appreciation I is a course for non-music majors 
designed to cultivate listening and appreciative attitudes toward music"
MUS 1223,Music,3,"Appreciation II is a course for non-music majors 
designed to cultivate listening and appreciative attitudes toward music 
from"
NAS 1233,Native,3,"American Cultural Expressions is a study of 
the introduction, exploration, comprehension, and analysis of American 
Indian ceremony, customs, and values, (social or political) and other areas 
of American Indian life. OSRHE Matrix"
NAS 1714,Introduction,4,"to Seminole/Creek Language develops 
language comprehension to respond to commands and instructions, solicit 
language and interact at a basic level. The course will cover the 
fundamentals of basic vocabulary, reading and writing at an introductory 
level. The sequence of courses offered at SSC will be taught from the 
perspective of the Oklahoma Seminole dialect of Mvskoke while noting 
the differences that occur within the Creek dialect. Attention will be 
given to how everyday conversational or slang usage derives from the 
formal language. (4-0-4)"
NAS 1815,Intermediate,5,"Seminole/Creek Language further 
develops vocabulary, commands, conversation, grammar, cultural 
knowledge, reading, and writing skills. The sequence of courses offered 
at SSC will be taught from the perspective of the Oklahoma Seminole 
dialect of Myskoke while noting the differences that occur within the 
Creek dialect. Attention will be given to how everyday conversational or 
slang usage derives from the formal language. (3-0-3)"
NAS 2213,Native,3,"American Contemporary Issues studies 
current federal, state, tribal, local, public and private, current American 
Indian issues, concerns, communication, developments, and positions. 
OSRHE Matrix"
NAS 2903,Internship,3,"in Native American Studies is supervised 
professional and academic experience in Native American Studies and is 
ideally related to the student's chosen technical or occupational field of 
study. Each internship is designed to foster professional mentoring 
between the sponsoring program(s) of a federally recognized Native 
American tribe, and a Seminole State College (SSC) student who seeks 
experience with the tribe. The course also features research in current 
theory and methods in Native American Studies, and interdisciplinary 
scholarly research for essays on tribes and their programs. Before 
enrolling, eligibility and a brief plan for work and study must be arranged 
with a representative of a tribal program and with a faculty member at 
SSC. (0-varies-3) 
 
 
NURSING"
"NURS 
1104",is,4,"older than two years, it must be repeated and may not be covered 
by federal financial aid. Prerequisites or Corequisites:"
BIOL 1214,and,4,"ENG ""1113"". (3-3-4)"
NURS 1113,Nursing,3,"Pharmacology introduces nursing 
implications, contraindications, precautions, adverse reactions, 
interactions and side effects of medications within all classifications. 
Continues dosage calculation with proficiency examination. 
Prerequisites: Admission into the nursing program and NURS ""1104"". 
Corequisite: BIOL ""2114"". (3-0-3)"
NURS 1214,and,4,"BIOL ""2114"". (0-9-3)"
NURS 1513,Introduction,3,"to Associate Degree in Nursing is 
designed to facilitate the LPN to RN student’s entrance into the Nursing 
Program at SSC. It includes extensive instruction and practice in the use 
of the nursing process. Additional focus is on philosophy and outcomes 
of the Nursing Program. Qualified LPN students that complete the course 
will enter the second year of the program and will receive credit for the 
first two semesters of the program upon graduation. Course is offered the"
NURS 2214,and,4,
NURS 2225,Psychosocial,5,"Nursing introduces psychological and 
social disorders and related disease processes throughout the lifespan. 
Special emphasis on mental health concepts related to the aging process 
of the older adult. The practicum component of this course immerses the 
student in various mental health settings. Prerequisites: Admission into 
the nursing program, NURS ""1104"", BIOL ""2214"", and BIOL ""2114"". (4-3-
5)"
NURS 2226,Leadership,6,"in Nursing Capstone prepares the 
student for licensure and professional practice. Practicum includes 
exposure to a variety of community-based settings and a preceptorship. 
Prerequisites: All NURS courses and"
NURS 2443,Medical,3,"Terminology is an introduction to medical 
terminology with emphasis on etiology, symptomology, pathology, and 
diagnostic procedures as related to health professions. It provides students 
with basic principles of medical word building, which, once learned, may 
be readily applied to building an extensive medical vocabulary. (3-0-3) 
 
 
PHILOSOPHY"
PHIL 1113,Philosophy,3,"is an introduction to major areas of 
philosophical studies. Students will examine the thinking of major 
philosophers and explore the traditional questions of philosophy about the 
nature of reality, knowledge, values, and humanity. This course satisfies a 
Seminole State College humanities requirement. OSRHE Matrix"
PHYS 1114,General,4,"Physical Science is a non-majors course that 
covers basic principles in the fields of physics, chemistry, and astronomy. 
Prerequisite: ACT Science subscore of at"
PHYS 1110,General,0,Physical Science Lab. OSRHE Matrix
PHYS 1214,Earth,4,"Science is a non-majors course that presents 
concepts from the fields of geology, meteorology, and oceanography. 
Prerequisite: ACT Science subscore of at"
PHYS 1210,Earth,0,Science Lab. OSRHE Matrix
PHYS 1314,Astronomy,4,+ LAB
GS 121,A,1,"lecture/demonstration 
course with laboratory for non-science majors that uses concepts from 
physics to describe the origin, current state, and evolution of the solar 
system, stars, galaxies, and the universe. Prerequisite: ACT Science 
subscore of at"
PHYS 1310,Astronomy,0,Lab. OSRHE Matrix
PHYS 1414,Physical,4,"Geology is a non-majors course that studies the 
physiographic features of the earth, the agents and processes responsible 
for structural changes, and petrology. Prerequisite: ACT Science 
subscore of at"
PHYS 1410,Physical,0,Geology Lab. OSRHE Matrix
PHYS 2114,General,4,Physics I
PHYS 2110,Physics,0,I Lab. OSRHE Matrix
PHYS 2211,Calculus,1,"Based Physics I utilizes the application of 
calculus to the solution of physics problems in each of the problem areas 
of General Physics I. Prerequisite:"
PHYS 2224,General,4,Physics II
"PHYS 
2220",Physics,0,II Lab. OSRHE Matrix
PHYS 2231,Calculus,1,"Based Physics II utilizes the application of 
calculus to the solution of physics problems in each of the problem areas 
of General Physics II. Prerequisite:"
PHYS 2300,Special,0,"Projects in Physical Sciences may be one to 
three credit hours depending on the depth of the project. Project will be 
approved and supervised by instructor. Instructor permission required. 
(Varies) 
 
 
PHYSICAL THERAPIST ASSISTANT"
PTA 1011,Introduction,1,"to Physical Therapy introduces the 
student to the world of physical therapy and builds the foundation for all 
future coursework. The student will develop a working knowledge of 
physical therapy and the role of the physical therapist assistant when 
working under the plan of care of the physical therapist in various 
settings. The student will develop a basic understanding of healthcare and 
the role therapy plays in it. Course content includes ethics, legal issues, 
professional behavior, communication (verbal, nonverbal, and written), 
compassionate care, cultural differences, and responsibility for 
professional development. Students will also be introduced to the 
fundamentals of evidence-based practice. (1-0-1)"
PTA 1023,Basic,3,"Patient Skills introduces the student to basic 
clinical skills to be built upon in future coursework. It is designed to 
prepare the student for patient care activities and includes 
patient/caregiver interview, use of the International Classification of 
Functioning (ICF), documentation, infection control, patient preparation, 
vital signs, pain scale, patient positioning, body mechanics, transfers, 
wheelchairs, assistive devices, gait training, ADL training and 
environmental assessment. Students will be given the opportunity to 
practice and develop their skills in a lab setting and apply this knowledge 
in patient scenarios to prepare them for patient interaction in their clinical 
experiences. (2-2-3)"
PTA 1032,Pathophysiology,2,"for the PTA develop a working 
knowledge of the etiology, pathogenesis, signs/symptoms, treatments of 
selected diseases/ conditions, and identify the impact on physical therapy. 
Students will begin to review health records as they relate to conditions 
presented. Overall wellness and its impact on each disease presented will 
be discussed. Students will explore pharmacology and its role in treating 
specific diseases, including the impact on therapy. (2-0-2)"
PTA 1042,Kinesiology,2,"for the PTA will explore the basics of 
human motion including structure and function of all joints and skeletal 
muscle. The student will recognize normal and abnormal joint movement, 
normal and abnormal muscle length, and its effect on total body 
movement. Testing of muscle strength, range of motion will be 
introduced. Students will be introduced to the mechanics of mastication 
and ventilation. The fundamentals of human gait will also be discussed. 
Clinical skills will be practiced in lab. (1-2-2)"
PTA 1053,Clinical,3,"Procedures I introduces students to the 
mechanisms of pain and current theories. Course content will include 
introduction of the following modalities with proper usage, indications 
and contraindications, electrical stimulation, biofeedback, ultrasound, 
TENS, traction, compression therapy, infrared, hydrotherapy, heat and 
cold. Students will build on previous skills of patient communication, 
documentation, and evidence-based practice within the physical 
therapist's plan of care. (2-2-3)"
PTA 1064,Therapeutic,4,"Exercise I focuses on the understanding and 
exploration of therapeutic exercise and the role of the physical therapist 
assistant to implement therapeutic exercise regimes. Course content will 
include different aspects of therapeutic exercise, including muscle 
flexibility and range of motion, muscle strength, endurance, balance and 
coordination and application of those techniques. Students will learn the 
phases of tissue healing and the impact of exercise on tissues. 
Additionally, the student will explore the therapist's role in wellness, and 
learn to effectively monitor the exercise program and progress the patient 
within the plan of care set up by the physical therapist. (3-2-4)"
PTA 1072,Clinical,2,Practice I is
PTA 2013,Clinical,3,"Procedures II introduces student to therapeutic 
massage and basic joint mobilization. Taping techniques, bandaging, and 
wrapping for edema management will also be covered. Students will 
explore orthotics and prosthetics and their proper usage, and basic wound 
care, and application and removal of dressings. Students will learn to test 
sensation, identify normal and abnormal integumentary changes, measure 
anthropometric characteristics, and determine joint integrity and mobility. 
(2-2-3)"
PTA 2023,Clinical,3,Practice II is
PTA 2033,Neuroanatomy,3,"for the PTA explores the roles of the 
physical therapist and physical therapist assistant in neurologic 
rehabilitation. Students will develop a working knowledge of 
neuroanatomy, motor control, and learning, and motor development. 
Course content will include medical disorders within the nervous system 
of both children and adults, and theories of treatment. (2-0-2)"
PTA 2044,Therapeutic,4,"Exercise II is a continuation of the 
principles of exercise introduced in Therapeutic Exercise II. Additional 
theory and application of rehabilitation will extend to many pathologies 
across the lifespan with emphasis on treatment of long-term disabilities. 
These include cardiac rehab, neuro rehabilitation, pulmonary rehab, and 
functional training for pediatric and geriatric conditions. (3-2-4)"
PTA 2051,Professional,1,"Topics applies knowledge and experience 
gained from Clinical Practice I and II to look at topics that will need to be 
addressed as students transition from a student to a clinician. Coursework 
will explore abuse of vulnerable populations, fraud and abuse in 
healthcare, professional ethics and values, discharge planning, 
interprofessional collaborative care, organizational planning, and accurate 
and timely billing. Students will also discuss leadership opportunities as a 
PTA, resumé writing, job finding, and the importance of lifelong 
learning. (2-0-2)"
PTA 2065,Clinical,5,Practice III is
PTA 2071,PTA,1,"Capstone is a comprehensive review of concepts 
required for licensure examination and entry-level work as a physical 
therapist assistant. Performance in didactic coursework and in clinical 
education will be utilized to determine knowledge deficits and develop 
study plans. A PTA Exam Study Guide will be utilized to prepare 
students for success on the NPTAE. 
 
 
PSYCHOLOGY"
PSY 1113,General,3,"Psychology presents an introduction 
to the scientific principles governing the major domains of 
human behavior and cognition and their application. Ethical 
considerations are included. OSRHE Matrix"
PSY 1123,Psychology,3,"of Adjustment will study the concepts and 
processes involved when individuals must adjust to changing personal 
and social environments. Discussions will include issues related to both 
healthy and maladaptive adjustment styles and how adjustment problems 
affect the lives, behavior, and personalities of individuals. OSRHE Matrix"
PSY 2013,Personality,3,"Theories exams personality processes and the 
various theoretical approaches to the study of personality, such as 
psychodynamic, behavioral, phenomenological, trait, and social learning 
theories. OSRHE Matrix"
PSY 2023,Developmental,3,"Psychology will cover social, emotional, 
physical, and cognitive aspects of human development throughout the life 
span. Application of current scientific data and theory in the real world of 
infants, children, adolescents, adults, and geriatric populations are 
emphasized. Prerequisite: PSY ""1113"". OSRHE Matrix"
PSY 2053,Social,3,"Psychology is a study of the psychological basis of 
social interaction and change, this course covers topics such as 
conformity, social influence, social cognition, pro-social behavior, 
prejudice, group processes, interpersonal attraction, and social 
comparison. Prerequisites: PSY ""1113"" or"
PSY 2103,Child,3,"and Adolescent Psychology presents an 
introduction to the principles of child behavior and development as a 
function of time and context. This course will cover cognitive, physical, 
social, and emotional aspects of development from the prenatal period 
through the adolescent stage of development. Cognitive, social, and 
behavior issues are addressed in the contexts of parenting, school and 
community. Application of current scientific data, research methods, and 


 
psychological theories in the real world of infants, children, and 
adolescent populations is emphasized. (3-0-3)"
PSY 2300,Special,0,"Projects in Psychology may be one to three 
credit hours depending on the depth of the project. Project will be 
approved and supervised by instructor. Instructor permission required. 
(Varies) 
 
 
SOCIOLOGY"
SOC 1113,Introduction,3,"to Sociology is a survey of 
the field of Sociology that provides an introduction to the 
field’s basic terminology, fundamentals, theories, 
development of social institutions, and social processes. 
OSRHE Matrix"
SOC 2033,Sociology,3,"of Religion is a study of the functional 
significance of religion in society, focusing on beliefs and practices as 
they relate to other social institutions and the society as a whole. OSRHE 
Matrix"
SOC 2043,Human,3,"Sexuality is an introduction into the various 
components of human sexual response. OSRHE"
SOC 2053,Social,3,"Psychology is a study of the psychological basis of 
social interaction and change. This course covers topics such as 
conformity, social influence, social cognition, pro-social behavior, 
prejudice, group processes, interpersonal attraction, and social 
comparison. Prerequisite: PSY ""1113"" or"
SOC 2123,Social,3,"Problems is an exploration of the nature of social 
issues in contemporary society and the consideration of agencies of 
solutions. OSRHE Matrix"
SOC 2143,Marriage,3,"and Family is an exploration of the patterns 
and purposes of courtship in the United States, an insight into early 
adjustments in marriage, and the development of family life. OSRHE 
Matrix"
SOC 2273,Introduction,3,"to Social Work provides student with an 
overview of social work as a profession, its historical development, and 
the knowledge, values and skills required for practice. Informed 
sensitivity to all aspects of human diversity is emphasized as well as the 
advocacy role of social workers with oppressed and devalued 
populations. History, development, and philosophy of the social welfare 
institution in U.S. society and the role of the profession are also explored. 
(3-0-3)"
SOC 2300,Special,0,"Projects in Sociology may be one to three credit 
hours depending on the depth of the project. Project will be approved and 
supervised by instructor. Instructor permission required. OSRHE Matrix"
SOC 2433,Global,3,"Studies in Culture and Diversity is a course 
that involves an educational travel experience with on-site study in 
another country. The course examines historical, contemporary, and 
evolving meanings of diversity in the US, countries visited during the 
course, and globally. The course explores and develops unifying 
frameworks to explore diverse identities and cultures based on 
characteristics such as race and ethnicity, sex and gender, economic 
status, spirituality, religion, disability, gender identity, and sexual 
orientation. It also covers how power imbalances contribute to privilege 
as well as discrimination and oppression. This course will provide 
students the opportunity to engage in critical thinking; to analyze and 
challenge their personal beliefs as well as those of their instructor and 
colleagues. (3-varies-3)"
SPCH 1143,Speech,3,"covers the principles and techniques of preparing 
for, participating in, and evaluating communication behavior at the 
interpersonal and public level. OSRHE Matrix"
SPCH 1523,Introduction,3,"to Theatre is a survey and analysis of 
theatre history, literature and practices relating the relevance of the 
theatre as a social force. Theatre is examined from the perspectives of 
audience, playwright, director, actor and designers. This course focuses 
on the roles of history, culture and the arts within civilization. This course 
satisfies a Seminole State College humanities requirement. OSRHE 
Matrix"
STSC 1002,Learning,2,"Strategies is transformative learning class 
designed to help students develop skills and knowledge that contribute to 
personal and academic success. Students will study learning strategies, 
how to acclimate themselves to the higher education environment, 
principles of goal setting, career development, and research-based 
learning. The development of interpersonal relationship skills, a fuller 
sense of self-knowledge, and an integrated philosophy of life are also a 
focus of the course. (2-0-2)"
