Code,Title,Hours,Description
BI 270,Interpreting the Christian Scriptures,3,"A study of 
the resources, principles, and methods of interpreting 
Scripture."
BI 393,Second Temple Judaism,3,"A study of the history 
and literature of the Intertestamental Period with 
particular emphasis given to connections between the 
Old and New Testaments as well as to developments 
which aid in the understanding of the writings of the 
New Testament. Students will be familiarized with 
political, social, and cultural issues related to 
understanding this historical period through the use of 
primary and secondary readings and through a focused 
and guided research project."
BI 399,Special Issues in Bible,1-3,"Directed study in Bible for 
the student who desires to pursue a topic of study not 
covered in the regular curriculum. Juniors and seniors 
only."
BI 400,Orientation to Internship,0,"An introduction to 
and preparation for the internship experience and life-
related skills for all juniors two semesters prior to the 
planned internship."
BI 400,Orientation to Internship,1-6,
BI 413,Senior Seminar in Bible,3,"A senior course 
designed to draw together the various courses and 
experiences that students have had which relate to 
Bible study and preparation to communicate the 
biblical truth. Prerequisite: Senior standing"
BI 417,Text and Canon of the Bible,3,"An examination of 
the historical, theological, and textual factors involved 
in the development of the Biblical canon, covering 
both what became the Old and New Testaments and 
what did not."
BI 427,Advanced Hermeneutics,3,"A course designed to 
investigate the thought and methods underlying 
contemporary approaches to interpreting the Bible 
with a view to preaching and teaching with excellence 
in various settings."
BI 501,Introduction to God’s Word,3,"A course designed 
for entering seminarians with little or no undergraduate 
work in biblical studies. The course looks at the message 
of the Bible as it is developed in the various parts of the 
Old and New Testaments is explored."
BI 603,Preaching and Teaching the Old Testament,3,"A 
course designed to give students a basic understanding of 
principles and methodology for interpreting and 
proclaiming the message of the Old Testament."
BI 604,Preaching and Teaching the New Testament,3,"A 
course designed to give students a basic understanding 
of principles and methodology for interpreting and 
proclaiming the message of the Old Testament."
BI 606,"Introduction to Critical Biblical Methods and 
Writing for Research",3,"An introduction to the methods 
of biblical criticism and their application for 
interpreting the Bible today. Students will practice 
skills for biblical interpretation through a guided 
research project designed to accomplish two goals. 
First, students will learn how to interpret the Bible in 
its literary, historical, rhetorical, and theological 
contexts. Second, students will articulate the enduring 
significances of a text for contemporary Christians."
BI 700,"History of Biblical Interpretation and Theological 
Hermeneutics",3,"An overview of the history of biblical 
interpretation as a guide to contemporary theological 
interpretation. Students will learn how biblical 
interpretation has been practiced and changed over 
time. Furthermore, students will consider the historical 
factors that shaped biblical interpreters and their 
interpretations. The goal of the course is to examine 
how the Bible has functioned in the past as a guide for 
contemporary theological interpretation."
BI 899,Special Issues in Bible,3,"A seminar covering 
various current issues in biblical studies, including 
translation issues."
BI 901,Thesis,6,"The thesis, when chosen instead of an 
extended research paper in the Master of Arts degree, 
will be written according to guidelines available from 
the Seminary office. The student may choose to defend 
the thesis in an oral exam or make a presentation to a 
select audience."
BT 612,Introduction to the Bible,3,"A survey of the Old 
and New Testaments of the Christian Bible with 
emphasis on the narrative that spans them."
BT 614,Christian Worldview Studies,3,"This course 
attempts to set out a distinctive, “Christian” approach to 
engaging culture by providing students with the critical 
tools necessary to the formation of a biblical worldview. 
The history, multiple applications, and contemporary 
criticisms of the concept of worldview will be analyzed 
in order to facilitate the kind of holistic model that is 
demanded by the Scriptures and has been evidenced in 
the practice of the faithful Church."
BT 615,Interpreting the Bible,3,"A survey of resources, 
principles, and methods of interpreting the Bible with 
special emphasis on contemporary hermeneutical 
approaches."
BT 616,Theological Exegesis,3,"This course treats biblical 
exegesis as a Christian Practice. The approach 
emphasizes awareness and intentionality in 
maintaining contact with Christian theology and 
biblical studies throughout the exegetical process, that 
is, practicing exegesis that is both confessional and 
critical."
BT 623,Interpreting Genesis,3,"A study of the book of 
Genesis giving attention to its role as the first book in 
the Bible and exploring key themes in Genesis and 
beyond."
BT 627,Interpreting Deuteronomy,3,"A study of the book 
of Deuteronomy, its literary features, canonical 
importance, and theological perspective."
BT 640,Interpreting Isaiah,3,"A study of the book of 
Isaiah attending to literary, historical, and theological 
concerns."
BT 644,Biblical Apocalypse,3,"A study of the books of 
Daniel and Revelation with emphasis on interpretation 
with the genre of apocalypse."
BT 651,The Life and Teaching of Jesus the Messiah,3,"A 
comprehensive survey of the life, ministry, and 
teaching of Jesus, the Messiah. This course   will focus 
on the Gospels drawing a portrait of Jesus of Nazareth, 
the man and the Savior, from the Gospels."
BT 659,Acts,3,"An introduction to the Book of Acts 
including matters of history, chronology, biography, 
theology, soteriology, and ecclesiology, with special 
attention to the role of the Holy Spirit."
BT 661,Christianity According to Paul,3,"An analysis of 
the Apostle Paul’s contribution to Christianity through 
an examination of all canonical New Testament 
documents concerning him and/or attributed to him."
BT 674,Hebrews,3,"An introduction to the Book of 
Hebrews with a focus on the book’s rhetoric, use of the 
Old Testament, and Christology, with special attention 
to how each of these contribute to the book’s overall 
purpose."
BT 681,History of Theology,3,"This course examines the 
story of the Church and the Christian faith throughout 
history, with a particular focus on this question: How 
did Christianity develop to the point where we are 
today?"
BT 684,Theology and Postmodernity,3,"This course 
addresses more generally the issue of the proper 
relation between secular thought or philosophy and 
Christian theology and, more specifically, the 
constructive relationships that Christian theology can 
have with more recent philosophies."
BT 691,Theological Ethics,3,"An examination of the 
thought of Christian ethicists with application to 
contemporary problems. Course includes an emphasis 
on self-appropriation and decision making."
BT 694,Theology of Worship,3,"This course explores the 
biblical foundations of worship through theological 
reflection on scripture along with ancient and modern 
worship practices of the church. Students will study 
worship accounts in the Old and New Testaments and 
then dialogue with both ancient and modern forms of 
worship. Emphasis will be given to developing a 
theology of worship that spans biblical, cultural, and 
ecclesiological concerns."
BT 696,Christian Theology and World Religions,3,"A 
serious look at the major religions of the world, 
including their scriptures, and how they relate to 
Christian theology. Field trips to a mosque and a Hindu 
or Buddhist temple. Goal: to building understanding for 
“pre-evangelism,” implementing new strategies for 
connecting with outsiders."
BT 899,Special Issues in Bible or Theology,3,"Specialized 
study in an area of the Bible or Theology that is not 
covered in existing courses."
BT 900,Research in Bible or Theology,1-3,"Individual 
research under faculty supervision."
CE 302,Child Theology and Spiritual Development,3,"This 
course investigates and examines the Biblical and 
theological foundations of children’s spirituality and 
their spiritual development. Attention will be placed on 
understanding children’s physical, social, emotional, 
intellectual, as well as spiritual formation, and exploring 
various aspects of how to help and encourage children to 
develop a deeper relationship with God and Jesus."
CE 306,Teaching Ministry of the Church,3,"This course is 
an overview of educational ministries for Christian 
formation, which surveys the various aspects of 
educational ministry, including its Biblical, theological, 
psychological, sociological, and philosophical 
foundations of Christian formation. It also examines the 
roles of teacher and students, aim of lesson, curriculum 
development, teaching methods, learning environment, 
and evaluation of teaching and learning processes."
CE 449,Marriage Enrichment,3,"A course designed to lead a 
married couple to enrichment with each other and to 
equip the couple to be able to enrich the marriages of 
others."
CE 600,Teaching Ministry of the Church,3,"An 
introduction to Christian education in the local 
congregation including its biblical-theological bases, 
relationship to spiritual formation, learning methods, 
and administrative necessities."
CE 601,Educational Leadership and Administration,3,"A study of concepts of leadership and principles of 
educational administration; the development of a 
comprehensive Christian Education program is given 
major attention."
CE 604,Adult Discipleship,3,"A survey of ministry 
methods for adults in the church, with an emphasis on 
intentional discipleship of adults, including teaching-
learning, spiritual formation, and educational 
programming in adult life."
CE 605,Human Development and Learning,3,"A course 
designed to provide the student with an understanding 
of developmental and learning theories and their 
implications for the education and pastoral ministry."
CE 607,Worship and Spiritual Formation,3,"A course 
designed to aid the student in developing an 
understanding of worship as it relates to spiritual 
growth, discipleship, and pastoral care. Attention is 
given to private worship, the impact of baptism on the 
life of the believer, the importance of ritual to 
community, and the practice of the Lord’s Supper."
CE 652,Lecture and Presentation Skills,3,"A study and 
practicum on advanced teaching methods based on 
exegetical and literary principles in the Old and New 
Testaments."
CE 663,Theology & History of Christian Education,3,"A critical reflection on the development of Christian 
education with an emphasis on the theological 
foundations of education from ancient times to the 
present times."
CE 702,Small Groups,3,"A study and practicum on the 
theoretical basis of small group ministry in the church 
and the practical means of developing, leading, and 
equipping such a ministry."
CE 765,Christian Higher Education,3,"Designed for 
students considering service in an institution of higher 
education, the course is an introduction and practicum 
in the theory, practice, and professions in Christian 
higher education."
CE 803,Instructional Strategies & Curriculum,3,"A study 
and practicum in a wide variety of teaching strategies 
and methods with a focus on theoretical and practical 
elements of curriculum development for use in the 
church or academy."
CE 855,Research Design for Ministry,3,"An introduction 
to social science methodology present in academic 
writing and publication, and basic statistics in 
educational research."
CE 895,Supervised Ministry Experience,3,"A practicum in 
Christian education designed as a capstone practical 
experience with oversight provided by both on-site and 
campus mentors."
CE 899,Special Issues in Christian Education,3,"Advanced 
study of one or more topics in the field of Christian 
Education."
CE 900,Research in Christian Education,1-3,"Individual 
research under faculty supervision."
CM 150,Laying a Foundation for Ministry,3,"By exploring 
the Scriptural, theological, and historical foundations of 
ministry in the local church, students will sharpen 
their calling and form a philosophy of ministry."
CM 170,Planning Congregational Worship,3,"With 
Scripture and church history as guides, students will 
develop a working theology of congregational worship 
and identify ways to put this theology into practice in a 
worship gathering."
CM 201,Foundations of Christian Ministry,3,"A survey of 
the Biblical, theological, and historical foundations for 
ministry in the contemporary church for students to 
identify their calling and philosophy of ministry."
CM 220,Developing a Disciple-making Culture,3,"Having 
identified “Christlikeness” as the chief goal of local 
church ministry, students will explore faith 
development and work backwards to establish a 
practical approach to evangelism and discipleship."
CM 230,Preaching and Teaching in the Local Church,3,"Armed with a theological basis for congregational 
preaching and teaching, students will learn the basic 
techniques necessary for sermon/lesson construction 
and delivery."
CM 315,"Evangelism, Discipleship, and Faith 
Development",3,"An exploration of how to develop 
Christlikeness through evangelism, discipleship, and 
faith development."
CM 325,Navigating Relational Dynamics,3,"Knowing 
ministerial work is a highly spiritual and relational 
work – between the minister and God, within the 
ministers themselves, and the minister and others – 
students will deepen their relationship with God, while 
also exploring ways to deepen all associative ministerial 
relationships."
CM 399,Special Issues in Christian Ministries,1-3,"Directed 
study in the field of Christian Ministries for the student 
who desires to pursue a topic of study not covered in 
the regular curriculum. Juniors and seniors only."
CM 400,Orientation to Internship,0,"An introduction to 
and preparation for the internship experience and life-
related skills for juniors, two semesters prior to the 
planned internship."
CM 410,Ministerial Ethics,3,"A course in applied ethical 
theory to the profession of ministry. Students will 
explore various ethical dilemmas associated with 
ministry and develop a decision making strategy for 
how to apply the ethical teachings of the Bible to the 
ethical dilemmas being explored."
CM 411,Christian Leadership,3,"A study of the biblical 
principles, historical roots, theoretical development 
and practical expression of the leadership concept in 
both secular institutions and religious organizations."
CM 415,Cultivating Health Leadership,3,"Through the 
lenses of Scripture, church history, and theory and 
practice in secular and religious contexts, students will 
explore the healthiest forms of leadership that lead to 
healthier church communities."
CM 417,Church Administration,3,"A study of the 
principles of church administration, including 
teamwork, budget, and strategic planning in the local 
congregation."
CM 420,Pastoral Care,3,"A course on ministry skills and 
practical expressions of pastoral services such as basic 
counseling, marriage, funerals, and other ceremonies."
CM 422,Small Groups,3,"A study and practicum on the 
theoretical basis of small group ministry in the church 
and the practical means of developing, leading, and 
equipping such a ministry."
CM 458,Implementing Basic Counseling Techniques,3,"Students will explore biblical, historical, and 
contemporary materials related to the field of Christian 
counseling to create a healthy interface of theology, 
psychology, and pastoral care."
CM 493,Leading Change in Ministry,3,"Realizing that 
change is a necessary and normal part of ministry, 
students will be equipped to identify needed changes in 
their ministry context, understand the forces that drive 
ore resist the changes, and devise effective strategies for 
creating change."
CM 500,"Preparing a Foundation for Ministry and 
Discipleship",3,"By exploring the Scriptural, theological, and 
historical foundations of ministry and discipleship in the 
local church, students will prepare sound foundational 
principles and practices to be executed through ministry, 
evangelism, and discipleship in the local church."
CM 525,Navigating Relational Dynamics,3,"Knowing 
ministerial work is a highly spiritual and relational 
work – between the minister and God, within the 
ministers themselves, and the minister and others – 
students will deepen their relationship with God, while 
also exploring ways to deepen all associative ministerial 
relationships."
CM 600,Pastoral Care,3,"This course attempts to open 
avenues of insight and service through pastoral care 
and crisis counseling.  The students explore biblical, 
historical, and contemporary materials to apply the 
pastoral function with a healthy interface of theology 
and psychology.  Numerous applications will be made 
in such areas of concern such as crisis intervention, 
marriage and family, decision-making, and other 
aspects of today’s ministry setting.  Procedural aspects 
of ministry will be discussed including but not limited 
to visitation in hospital and health care settings."
CM 611,Personal Development in Ministry,3,"This course 
engages students in the ongoing process of shaping the 
heart and developing Christian character for spiritual 
leadership. It will promote greater self-awareness 
through the use of tests or inventories that address 
temperament, spiritual gifts, and leadership styles."
CM 615,Cultivating Health Leadership,3,"Through the 
lenses of Scripture, church history, and theory and 
practice in secular and religious contexts, students will 
explore the healthiest forms of leadership that lead to 
healthier church communities."
CM 658,Implementing Basic Counseling Techniques,3,"Students will explore biblical, historical, and 
contemporary materials related to the field of Christian 
counseling to create a healthy interface of theology, 
psychology, and pastoral care."
CM 693,Leading Change in Ministry,3,"Realizing that 
change is a necessary and normal part of ministry, 
students will be equipped to identify needed changes in 
their ministry context, understand the forces that drive 
ore resist the changes, and devise effective strategies for 
creating change."
CM 700,People and Place in Ministry,3,"An introduction 
to the ethnographic and sociological tools needed to 
understand the people and systems of immediate 
context of ministry and its surrounding community. 
Attention is given to age, gender, race and ethnicity, 
occupational, and other forces that interact with the 
Gospel message in the work of ministry."
CM 702,Building a Team-Based Ministry,3,"This course 
explores the biblical precedent, theological 
implications, and practical application of building 
ministry teams, developing leaders, and organizing 
ministry systems."
CM 722,Small Groups,3,"A study and practicum on the 
theoretical basis of small group ministry in the church 
and the practical means of developing, leading, and 
equipping such a ministry."
CM 705,Integration Colloquy II,1,"A faculty-supervised 
conversation/reflection group experience designed to 
facilitate the student’s biblical, historical and 
theological reflection on personal, family, seminary, 
and vocational experiences, deepening the integration 
of classroom learning and field experience."
CM 800,MDiv Integrative Capstone,3,"This course serves as 
an integrative capstone experience for the Master of 
Divinity degree program and should be taken in the last 
year of that program.  Using the Master of Divinity 
degree program’s four student-learning outcomes as a 
framework the course is designed to assess the student’s 
readiness for effective ministry.  Effectiveness will be 
assessed by student case studies, readings, reflections, 
inventories, and presentations.  Students will be expected 
to integrate their scriptural and theological education 
with their personal formation and ministry context."
COUN 600,Basic Types of Counseling Ministry,3,"A course opening avenues of insight and service 
through pastoral care and counseling by exploring 
biblical, historical, and contemporary material.  
Students are encouraged to apply the pastoral function 
with a healthy interface of theology and psychology. 
Specific applications are made in such areas as crisis 
intervention; marital, premarital, and family 
counseling; and cross-cultural counseling."
COUN 602,Basic Counseling Techniques,3,"This course 
provides a theoretical framework and experiential 
exposure to the interviewing and counseling skills and 
techniques that are the foundation for counseling, 
enabling the counselor to understand presenting 
problems, best practice recommendations, and effective 
intervention strategies. Students examine prevention 
and crisis intervention models, as well as self-care 
strategies. Emphasis is placed on counselor self-
understanding and self-development and the skills for 
facilitating change with diverse populations."
COUN 603,Crisis Intervention Techniques,3,"This course provides a theoretical framework and 
experiential exposure to the interviewing and 
counseling skills and techniques that are the 
foundation for counseling, with a specific emphasis on 
crisis intervention and suicide prevention models. A 
lifespan perspective will address the effects of crises, 
disasters, and other trauma-causing events on persons 
of all ages. Ethical and legal considerations of crisis 
work will be explored."
COUN 663,"Major Theories of Counseling and 
Psychotherapy",3,"This course is a study of the major 
theoretical approaches to counseling and 
psychotherapy used historically and currently. This 
course will discuss integration of counseling 
psychology and application. Focus will be on the main 
forces in Psychoanalytic, Cognitive-Behavioral, and 
Existential-Humanistic schools as well as the 
emergence of evidence-based practice in theory. Each 
is examined from a critical and Christian point of view."
COUN 666,"Developmental Psychology Perspectives for 
Counseling",3,"This course provides an investigation of the 
needs and nature of persons at all developmental levels 
and in multicultural contexts. It will include studies 
that provide an understanding of theories with 
individuals and families in their transitions and crises 
through life, theories of learning and personality 
development, and theories discussing optimal 
development and wellness through one’s life. 
Counselors will also incorporate these theories into 
prevention, intervention, and treatment methods."
COUN 667,Tests and Measures for Counseling,3,"This course introduces and familiarizes the student 
with a wide range of psychometric instruments. This 
study provides an understanding of many assessments 
and discusses many areas such as historical perspective, 
basic concepts of standardized and non-standardized 
testing, other assessment techniques, statistical 
concepts, reliability, validity, and social and cultural 
factors, as well as ethical strategies for selecting, 
administering and interpreting assessments."
COUN 722,Introduction to Traumatology,3,"This course 
provides an introduction to trauma-informed 
counseling.  Topics to be considered include types of 
trauma, including single incident trauma, complex 
trauma, collective trauma, and vicarious trauma; the 
effects of crisis, disasters, and trauma on diverse 
individuals across the lifespan; crisis intervention, 
trauma-informed, and community-based strategies, 
such as Psychological First Aid; procedures for 
identifying trauma and abuse and for reporting abuse; 
impact of crisis and trauma on individuals with mental 
health diagnoses; traumatic grief and loss; clinical 
assessment and treatment of acute trauma; and 
resilience. Students will be expected to address their 
biblical worldview in relation to traumatology."
COUN 730,Neuroscience and Counseling,3,"This course 
will explore the impact of physiological underpinnings 
on human functioning and mental health. The student 
will learn basic neuroanatomy, neurophysiology, and 
general physiology as it relates to cognition, emotion, 
perception, movement, unconscious/conscious 
processing, behavior, and language. This course is 
designed to strengthen the knowledge and skill base of 
mental health providers by increasing their 
understanding of the relationship between biological 
function and mental health and enhancing their ability 
to responsibly integrate neuroscience into their 
practice of counseling.  Case examples will be used to 
exemplify various disorders."
COUN 740,Psychopharmacology,3,"A survey of 
physiological and behavioral effects of the major classes 
of psychoactive drugs including therapeutic agents and 
drugs of abuse, including their therapeutic indications, 
mechanisms of action, and side effects."
COUN 751,Career Development Counseling,3,"This course is designed to provide an understanding of 
career development theories and decision-making 
models that impact the lifelong processes and 
influences that lead to work values, occupational 
choices, career path/patterns, decision making style, 
and integration of self and career identity with pattern 
of work adjustment. Students will explore vocational, 
avocational, and educational information sources and 
systems. Emphasis will be placed on the career 
counseling process, techniques, and resources, as well 
as assessment instruments relevant to career planning 
for diverse populations in a global market economy."
COUN 770,"Integration of Theology, Religion, and 
Spirituality in Counseling",3,"Students will critically 
examine the implications of a Christian worldview for 
counseling practice. Students will also review the 
ethical issues relevant to the use of spiritual and 
religious interventions with individuals, couples, and 
families are considered, along with current research 
related to religion and spirituality in counseling."
COUN 772,Integrating Spirituality into Counseling,3,"Integrating Spirituality into Counseling will review the 
field of counseling and how the concept of spirituality 
is understood and applied. Since religion is often 
understood to include spirituality by the field, a review 
of various world religions will be done in order to 
understand how a counselor can use facets of a person’s 
religious and spiritual views in counseling."
COUN 790,"Mental Health Counseling Integrated in 
Medical Settings",3,"The skills needed to provide clinical 
mental health services as a member of an integrated 
health care team is an emerging competency for mental 
health counselors.  This course will address the 
theories, techniques, assessment procedures, spiritual 
concerns and integrated health team roles that a 
clinician providing services in a primary care, hospital, 
or clinic environment may encounter. Topics will 
include an examination of the effect evidence-based 
and evidence informed practices for behavioral health 
assessment; brief interventions for children, 
adolescents, adults and geriatric adults; 
psychopharmacology; treating chronic pain; behavioral 
health for health conditions and collaborative 
treatment provision with medical doctors and allied 
health professionals."
COUN 802,Adolescent Development and Counseling,3,"This course focuses on the significance of the 
adolescent process in the development of the whole 
personality with a view toward theories of 
development. Special interests of study include some of 
the typical crises categories and designs for healthy 
transition in the adolescent’s interaction with society 
and with the institutional structures of church, school 
and family. Biological factors, cognition and creativity, 
ego identity, sexual development, and the adolescent 
subculture will also be explored."
COUN 803,Couples Counseling,3,"This course offers an 
overview of family and other systems theories and 
major models of family and related interventions, with 
specific emphasis on couples, marital, and pre- marital 
therapy. Students will have the opportunity to develop 
a systems perspective to enhance their understanding 
of partner dynamics. Ethics, the role of diverse 
identities, and contemporary trends will also be 
explored."
COUN 807,Substance Abuse and Addictions Counseling,3,"This course covers a broad survey of human addictive 
behaviors and addictions counseling. Areas such as 
chemical, psychological and social aspects of drug use, 
abuse and dependency, and effects on the family will 
be covered. This includes but is not limited to alcohol, 
illicit drugs, and sexual addictions. The discussion of 
theories, assessments, interventions, counseling 
techniques and treatment modes will also be 
emphasized. Various paradigms for addictions and 
recovery will be analyzed."
COUN 891,Clinical Pastoral Education,6,"Participating 
students must be in an active ministry context in which 
they are accountable for various pastoral ministry 
functions. Both individual and peer group supervision 
will challenge the students to evaluate psychological, 
theological, and pastoral functions. Interpersonal group 
experience will encourage personal growth and 
spiritual formation. Enrollment is limited and by 
special application only."
COUN 897,"The Counseling Profession: Clinical Practices 
Seminar",3,"A course designed for Master of Arts in 
Counseling students who expect to enter practice as 
Licensed Professional Counselors. The course covers 
such topics as pastoral identity in the context of the 
mental health community, clinical interviewing and 
treatment planning, legal and “standard of practice” 
issues, financial concerns and policies, licensure issues, 
supervision, and ethical concerns."
COUN 900,Research in Pastoral Care and Counseling,1-3,"Individual research under faculty supervision in a 
particular area of Pastoral Care and Counseling studies."
CPL 101,Focused Writing,3,"This online course prepares 
qualified students for the process of developing a 
portfolio for the assessment of prior learning for the 
purpose of being awarded college credit from life 
experiences. Course elements emphasize experiential 
learning theory, synthesis of prior learning experiences, 
development of goals and an education plan, research 
methods and resources to document learning, and the 
preparation of a portfolio, that includes a timeline, 
autobiography, and formal documentation of prior 
learning."
HI 176,American History I,3,"The course will be a study of 
the development of the United States from its colonial 
origins through the end of Reconstruction. The course 
will emphasize the ideas that guided the country’s 
political, social and cultural development as well as the 
analysis of primary source documents."
HI 399,Readings in History,1-3,"A study of specific  historical 
periods or problems with attention given to primary 
source and historiographical texts."
IC 611,Cross-cultural Communication,3,"This course is 
designed to acquaint students with the challenges and 
complexities involved in cross-cultural communication. 
In addition to studies on communication theory and 
culture, particular attention will be given to the unique 
challenges faced when communicating the Gospel 
message across cultures."
IC 642,Spiritual Dynamics of Missions,3,"An examination of the spiritual dynamics that affect 
both the practice and the practitioner of mission.  This 
course will provide a biblical and practical study on the 
nature of the spiritual life, the mechanics required to 
live that life well, and the spiritual forces arrayed 
against God’s mission."
IC 661,Research Methods in Missions,3,"An introduction 
and overview of the various research methods helpful 
to missionaries and other cross- cultural practitioners 
in a variety of intercultural and congregational settings."
IC 702,Theology of Mission and Evangelism,3,"A study of 
the theology of Christian mission from the perspectives 
of the Old and New Testaments, emphasizing principles 
which bear on our understanding of mission today, 
especially with regard to the message, the missionary, 
and missionary practices. Contemporary mission 
theories and practices will be evaluated in light of a 
Biblical theology of mission."
IC 899,Special Issues in Intercultural Studies,1-3,"Specialized study of an area of Intercultural Studies not 
covered in existing courses."
IC 900,Research in Intercultural Studies,1-3,"Individual 
research under faculty supervision in a particular area 
of Intercultural Studies."
ID 101,"Introduction to Worldview and the Christian 
Mind",3,"This course will consider the concepts of 
worldview and Christian thinking.  Students will then 
apply these concepts in societal analyses."
ID 309,Dante,3,"This course studies Dante Alighieri’s 
great medieval epic, The Divine Comedy, both in terms 
of Dante’s literary achievement and in the way his 
work embodies the Christian worldview of Thomas 
Aquinas."
ID 310,Rome and the Early Church,3,"This course will 
explore the impact that Rome had on the church, and 
the impact that the church had on Rome through a 
study of the intertwined development of Rome and the 
early church. As an interdisciplinary studies course, we 
will consider developments in visual art, architecture, 
history, church history, literature, and theology."
ID 326,Augustine,3,"A seminar style reading and discussion 
based course centered around the life and works of St. 
Augustine of Hippo. A broad survey of Augustine’s 
thought and life will be followed by a careful reading 
through specific texts, such as Confessions, City of God, 
On the Trinity, or selected sermons and letters."
ID 336,History of Gender and Christianity,3,"This course 
provides students with a historical survey of the 
complex relationship between gender, theology, 
culture, and hermeneutics, beginning with scripture 
and the early church then transitioning through the 
medieval and modern periods to the present day.  This 
will equip students with the philosophical language, 
historical awareness, and theological tools required to 
engage in an informed manner with contemporary 
discussions about masculinity, femininity, society, and 
the church."
ID 341,"History of Christian Thought and Culture: Greek 
Philosophy to the Reformation",3,"This course surveys the 
history of ancient and medieval Christian thought within 
the embodied cultural, political, geographic, scientific, 
and artistic contexts that helped birth and mold it. Setting 
the stage with Greek philosophy and the Greco-Roman 
world, we then transition to the early church through the 
fall of Rome and the Middle Ages, culminating with the 
Renaissance and the Protestant Reformation."
ID 437,"Race, Gender, and Evangelicalism",3,"A seminar 
style, reading and discussion based course probing the 
explosive history and relationship between Evangelicals, 
gender, and race, particularly – though not exclusively – 
with the United States.  Students will be equipped with a 
broader historical, biblical, philosophical, and 
theological framework upon which to draw when 
engaging with culture and the church regarding these 
sensitive topics."
ID 440,Women’s Spiritual Writings,3,"A seminar style, 
readings and discussion based class highlighting seminal 
female texts in the Christian tradition. Author rotations 
will likely include, but not be limited to, Julian of 
Norwich, Margery Kempe, Hildegard of Bingen, 
Catherine of Siena, Theresa of Avila, Susanna Wesley, 
Margaret Fell, Hannah More, Catherine Booth, 
Josephine Butler, Phoebe Palmer, Octavia Albert, 
Dorothy Day, and Maya Angelou."
ID 477,Religion and Fiction,3,"A seminar style course built 
around reading multiple works of fiction in their entirety 
and discussing them together at length. Text selection 
will vary from year to year, though regular authors would 
include the likes of Fyodor Dostoevsky, Graham Greene, 
Flannery O’Connor, G.K Chesterton, George MacDonald, 
Shusaku Endo, and Marilynne Robinson."
ID 496,Seminar on Charles Taylor,3,"A seminar style, 
reading and discussion based course exploring the 
thought of Catholic philosopher Charles Taylor.  Each 
iteration of the course will involve an in-depth reading 
and analysis of one to two primary works, such as A 
Secular Age, Sources of the Self, or The Malaise of 
Modernity."
ID 610,Rome and the Early Church,3,"This course will 
explore the impact that Rome had on the church, and 
the impact that the church had on Rome through a 
study of the intertwined development of Rome and the 
early church. As an interdisciplinary studies course, we 
will consider developments in visual art, architecture, 
history, church history, literature, and theology."
ID 626,Augustine,3,"A seminar style reading and discussion 
based course centered around the life and works of St. 
Augustine of Hippo. A broad survey of Augustine’s 
thought and life will be followed by a careful reading 
through specific texts, such as Confessions, City of God, 
On the Trinity, or selected sermons and letters."
ID 637,"Race, Gender, and Evangelicalism",3,"A seminar 
style, reading and discussion based course probing the 
explosive history and relationship between Evangelicals, 
gender, and race, particularly – though not exclusively – 
with the United States.  Students will be equipped with a 
broader historical, biblical, philosophical, and 
theological framework upon which to draw when 
engaging with culture and the church regarding these 
sensitive topics."
ID 640,Women’s Spiritual Writings,3,"A seminar style, 
readings and discussion based class highlighting seminal 
female texts in the Christian tradition. Author rotations 
will likely include, but not be limited to, Julian of 
Norwich, Margery Kempe, Hildegard of Bingen, 
Catherine of Siena, Theresa of Avila, Susanna Wesley, 
Margaret Fell, Hannah More, Catherine Booth, 
Josephine Butler, Phoebe Palmer, Octavia Albert, 
Dorothy Day, and Maya Angelou."
ID 641,"History of Christian Thought and Culture: Greek 
Philosophy to the Reformation",3,"This course surveys the 
history of ancient and medieval Christian thought within 
the embodied cultural, political, geographic, scientific, 
and artistic contexts that helped birth and mold it. Setting 
the stage with Greek philosophy and the Greco-Roman 
world, we then transition to the early church through the 
fall of Rome and the Middle Ages, culminating with the 
Renaissance and the Protestant Reformation."
ID 677,Religion and Fiction,3,"A seminar style course built 
around reading multiple works of fiction in their entirety 
and discussing them together at length. Text selection 
will vary from year to year, though regular authors would 
include the likes of Fyodor Dostoevsky, Graham Greene, 
Flannery O’Connor, G.K Chesterton, George MacDonald, 
Shusaku Endo, and Marilynne Robinson."
LS 603,Foundations of Chaplaincy,3,"This course provides 
a foundational understanding of the ministry of 
Chaplaincy as the ability to minister compassionately 
to those of your faith, those of different faiths, and 
those of no faith in the name of Christ within a 
pluralistic context. The course explores the similarities 
and differences various contexts of chaplaincy, and 
introduces the basic functions of a chaplain as spiritual 
counselor, ethical advisor, and compassionate 
caregiver."
LS 607,Ministry and Leadership Ethics,3,"This course 
focuses on the ethics of character and behavior, 
particularly as they relate to the ministry leader and 
church staff pastor. Attention will be directed toward 
the theological foundations for ethical behavior, the 
nature of integrity and faithfulness on the part of a 
minister, the reality of cultural influences upon ethical 
standards, and specific commitments and behaviors 
that constitute ethical conduct within a variety of 
realms of ministry and church life. Case studies will be 
presented and considered. The intended outcome for 
each student is the completion a code of ethics 
appropriate to that student’s context."
LS 710,Dynamics of Effective Interpersonal Leadership,3,"A course designed to cultivate effective leadership 
behavior. Through hands-on experiential learning, peer 
feedback, and use of real-life case scenarios, 
participants will understand the dynamics of 
interpersonal behavior and develop skills to lead more 
effectively."
LS 752,Leading in the Town and Country Church,3,"A look at how town and country residents think and 
the spiritual and social tools required to lead them. The 
course examines the standard issues of church 
leadership as they apply to the town and country 
church. It also touches on the role of the pastor as 
community leader."
LS 753,"Faith Communication in a Town and Country 
Context",3,"The oral culture and intimacy of the town and 
country context present a unique set of circumstances 
for preaching, evangelism, discipleship, and youth and 
children’s ministries. This course explores the ways 
town and country culture impacts and reshapes the 
common methods and strategies for communicating the 
Gospel."
LS 754,Pastoral Care in a Town and Country Context,3,"Pastors in isolated settings find themselves facing a 
large number of pastoral care issues, some unique to the 
context, with less help than their suburban and urban 
counterparts have available. This course looks at some 
of the stresses town and country life places on pastors 
and their families as well as those in the church, and 
explores ways pastors can keep themselves spiritually, 
emotionally, and physically healthy and thereby able to 
offer pastoral care to others."
LS 755,Seminar in Town and Country Ministry,3,"Students in this course will research a topic in Town 
and Country Ministry and present their finds to the 
class in a collaborative learning environment. The 
instructor will suggest topics and offer reading lists, and 
students may suggest topics of special interest."
LS 797,Leadership Ministry and Legal Issues,3,"A study of 
the legal environment in which the church or 
parachurch organization presently exists and the legal 
challenges that its leaders will face now and in the 
future."
LS 892,Field Experience,3,"Field experience will be 
structured to expose the student to a variety of ministry 
contexts and challenges. The experience will serve as a 
learning lab for analysis and practical application of the 
ministry courses. A qualified ministry mentor who is 
embedded in the field experience context will also 
coach and evaluate the student."
LS 899,Special Issues in Leadership Studies,3,"Specialized 
study of an area of Leadership Studies not covered in 
existing courses."
LS 900,Research in Leadership Studies,1-3,"Individual 
research under faculty supervision in a particular area 
of Leadership Studies."
MA 197,Math for Life,3,"A course focusing on mathematical 
reasoning and the solving of real-life problems, rather than 
on routine skills and appreciation. Topics to be studied will 
be chosen from management science, statistics, coding, 
social choice and decision-making, geometrical ideas, 
modeling, graph theory, loci/set theory, finance, and 
problem-solving strategies."
NT 104,New Testament I,3,"A course designed to examine 
the life of Jesus and the early church, focusing on an 
overview of the contents and theology of the Gospels 
and Acts."
NT 118,Survey of the New Testament,3,"An introduction to 
the history, content, theology, and rhetoric of the New 
Testament, encouraging students to embrace its teaching 
as part of the Christian Bible."
NT 301,New Testament II,3,"This course is an introduction 
to the Pauline epistles, general epistles, and Revelation, 
focusing on an overview of the contents and theology of 
the writings as well as discussions of the issues 
surrounding the interpretation of epistolary and 
apocalyptic genres."
NT 432,Exegesis of the Gospels,3,"An exegetical study of 
one or more of the gospels with attention to issues of 
genre, social and historical contexts, the literary 
relationships between the gospels, and contemporary 
significance."
NT 434,Exegesis of the Book of Acts,3,"An exegetical 
study of the Book of Acts with attention to issues of 
genre, social and historical contexts, and contemporary 
significance. Hermeneutical questions concerning how 
Acts relates to the contemporary church will also be 
addressed."
NT 435,Exegesis of the Pauline Epistles,3,"An exegetical 
study of one or more of the Pauline epistles with 
attention to issues of genre, social and historical 
contexts, and contemporary significance."
NT 438,Exegesis of the General Epistles,3,"An exegetical 
study of one or more of the general epistles with 
attention to issues of genre, social and historical 
contexts, and contemporary significance."
NT 439,Exegesis of Revelation,3,"An exegetical study of 
the Book of Revelation with attention to issues of 
genre, social and historical contexts, and contemporary 
significance."
NT 605,Advanced New Testament Introduction,3,"A critical introduction to the background, content, and 
interpretation of the New Testament corpus, with a 
focus on historical context, special issues confronting 
selected books, and making the transition from what 
the text meant in its initial setting to what it means in a 
contemporary environment."
NT 632,Exegesis of the Gospels,3,"An exegetical study of 
one or more of the gospels with attention to issues of 
genre, social and historical contexts, the literary 
relationships between the gospels, and contemporary 
significance."
NT 634,Exegesis of the Book of Acts,3,"An exegetical 
study of the Book of Acts with attention to issues of 
genre, social and historical contexts, and contemporary 
significance. Hermeneutical questions concerning how 
Acts relates to the contemporary church will also be 
addressed."
NT 635,Exegesis of the Pauline Epistles,3,"An exegetical 
study of one or more of the Pauline epistles with 
attention to issues of genre, social and historical 
contexts, and contemporary significance."
NT 638,Exegesis of the General Epistles,3,"An exegetical 
study of one or more of the general epistles with 
attention to issues of genre, social and historical 
contexts, and contemporary significance."
NT 639,Exegesis of Revelation,3,"An exegetical study of 
the Book of Revelation with attention to issues of 
genre, social and historical contexts, and contemporary 
significance."
NT 808,New Testament Theology,3,"An investigation of 
the writings of the New Testament that seeks to 
determine their distinctive theological emphases, 
ascertain common theological themes throughout the 
New Testament canon, and situate the findings within 
a Biblical Theology of both Testaments."
NT 899,Special Issues in New Testament,3,"Specialized 
study of an area of New Testament not covered in 
existing courses."
NT 900,Research in New Testament,1-3,"Individual 
research under faculty supervision in a particular area 
of New Testament studies."
NT 901,Thesis,6,"The thesis, when chosen instead of an 
extended research paper in the Master of Arts degree, 
will be written according to guidelines available from 
the Seminary office. The student may choose to defend 
the thesis in an oral exam or make a presentation to a 
select audience."
NT 611,"Greek Exegesis or Greek 
proficiency is a prerequisite",3,
NT 611,"Greek Exegesis or Greek proficiency 
is a prerequisite",3,
NT 611,"Greek 
Exegesis or Greek proficiency is a prerequisite",3,
NT 611,"Greek 
Exegesis or Greek proficiency is a prerequisite",3,
NT 611,"Greek Exegesis or Greek 
proficiency is a prerequisite",3,
NT 611,"Greek Exegesis or Greek 
proficiency is a prerequisite",3,
NT 611,"Greek Exegesis or Greek proficiency 
is a prerequisite",3,
NT 611,"Greek 
Exegesis or Greek proficiency is a prerequisite",3,
NT 611,"Greek 
Exegesis or Greek proficiency is a prerequisite",3,
NT 611,"Greek Exegesis or Greek 
proficiency is a prerequisite",3,
OL 602,"Authentic Leadership in Organizational 
Contexts",3,"A study of authentic leadership, including 
personal and spiritual factors leading to team 
empowerment and organizational effectiveness."
OL 603,Foundations for Organizational Leadership,3,"A study of theological themes and lessons from history 
on how leadership has been expressed in a variety of 
settings, providing a foundation for developing a 
Biblically-based servant leadership model for 
organizations."
OL 604,Organizational Leadership Development,3,"An introduction to leadership development with a 
focus on mentoring and coaching in developing 
effective leaders."
OL 605,"Cultural Expressions of Organizational 
Leadership",3,"A social, cultural, and contextual analysis of 
various leadership expressions with a view toward 
transformative leadership."
OL 606,Strategic Organizational Leadership,3,"An analysis 
of strategic thinking and planning from initial vision to 
implementation and evaluation of strategy."
OL 607,"Interpersonal Leadership for Organizational 
Effectiveness",3,"An analysis of interpersonal dynamics for 
effective leadership behavior, including 
communication, group process, and team-building 
consensus development."
OL 608,"Dynamics of Change and Conflict in 
Organizational Leadership",3,"A look at how to lead 
organizational change, while transforming inevitable 
organizational conflicts."
OL 699,Special Topics in Organizational Leadership,1-6,"With the permission of the program director, students 
may choose one or more topics for special study in the 
area of organizational leadership."
OT 212,Survey of the Old Testament,3,"An introduction to 
the history, content, theology, and rhetoric of the Old 
Testament, encouraging students to embrace its teaching 
as part of the Christian Bible."
OT 431,Exegesis in the Pentateuch,3,"An exegetical study 
of one or more of the books of the Pentateuch with 
attention to issues of genre, social and historical 
contexts, and contemporary significance."
OT 433,Exegesis of Prophetic Literature,3,"An exegetical 
study of one or more of the prophetic books of the Old 
Testament with attention to issues of genre, social and 
historical contexts, and contemporary significance."
OT 438,Exegesis of Hebrew Narrative,3,"An exegetical 
study of one or more of the narrative books of the Old 
Testament with attention to issues of genre, social and 
historical contexts, and contemporary significance."
OT 440,"Exegesis of Hebrew Poetry and Wisdom 
Literature",3,"An exegetical study of one or more of the 
poetic or wisdom books of the Old Testament with 
attention to issues of genre, social and historical 
contexts, and contemporary significance."
OT 605,Advanced Old Testament Introduction,3,"An advanced treatment of the date, authorship, unity, 
historical context, literary characteristics, history of 
interpretation, theology, and canonical context of each 
of the books of the Old Testament. Some consideration 
will also be given to matters of general introduction 
such as text, canon, and historicity of the Old 
Testament in general."
OT 731,Exegesis in the Pentateuch,3,"An exegetical study 
of one or more of the books of the Pentateuch with 
attention to issues of genre, social and historical 
contexts, and contemporary significance."
OT 733,Exegesis of Prophetic Literature,3,"An exegetical 
study of one or more of the prophetic books of the Old 
Testament with attention to issues of genre, social and 
historical contexts, and contemporary significance."
OT 738,Exegesis of Hebrew Narrative,3,"An exegetical 
study of one or more of the narrative books of the Old 
Testament with attention to issues of genre, social and 
historical contexts, and contemporary significance."
OT 740,"Exegesis of Hebrew Poetry and Wisdom 
Literature",3,"An exegetical study of one or more of the 
poetic or wisdom books of the Old Testament with 
attention to issues of genre, social and historical 
contexts, and contemporary significance."
OT 808,Old Testament Theology,3,"An advanced 
investigation of the theological ideas present in the 
books of the Old Testament in terms of their 
distinctiveness and complex unity and in their 
relationship to the New Testament. The course will 
include consideration of the history of discipline since 
the time of Gabler to the present and the issues fueling 
the current debate. A focus on canonical approaches will 
be central to the discussions."
OT 899,Special Issues in Old Testament,3,"Specialized 
study of an area of Old Testament not covered in 
existing courses."
OT 900,Research in Old Testament,1-3,"Individual research 
under faculty supervision in a particular area of Old 
Testament studies."
OT 901,Thesis,6,"The thesis, when chosen instead of an 
extended research paper in the Master of Arts degree, 
will be written according to guidelines available from 
the Seminary office. The student may choose to defend 
the thesis in an oral exam or make a presentation to a 
select audience."
PH 604,Christianity and the Philosophy of Religion,3,"An 
examination of the truth-claims of Christianity in the 
context of religious skepticism and competing 
worldviews. Topics include the rationality of Christian 
faith; classical arguments for God’s existence; the 
impact of science; the problem of evil; the identity of 
Christ; miracles and the resurrection of Christ; and the 
nature of Scripture."
PH 714,Metaphysics and Epistemology,3,"This course 
examines the basic issues and major positions in the 
fields of metaphysics which asks about the nature of 
reality, of being, of the world and epistemology which 
asks how we come to know what is real, what is true."
PH 899,Special Issues in Philosophy,3,"Specialized study 
of an area of philosophy not covered in existing 
courses."
PH 900,Research in Philosophy,1-3,"Individual research 
under faculty supervision in a particular area of 
philosophy."
PH 901,Thesis,6,"The thesis, when chosen instead of an 
extended research paper in the Master of Arts degree, 
will be written according to guidelines available from 
the Seminary office. The student may choose to defend 
the thesis in an oral exam or make a presentation to a 
select audience."
PH 905,Comprehensive Exam,0,"In this examination, 
students will show their progress in the degree 
objectives as appropriate for master’s level study."
PR 318,Rural and Small Town Ministry,2,"An introduction 
to ministry in the rural and small-town context, 
including an exploration of the traditional rural culture 
and the developing “rurban” culture. The nature of 
pastoral, evangelistic, and leadership ministry is 
examined in light of recent demographic changes."
PR 320,The Preacher’s Inner Life,3,"An examination of the 
theological basis, unique challenges, and practical helps 
for the life-long spiritual growth of the preacher. The 
course is not a “how-to” course, but rather a course 
shaped around an exegetical study of Mark’s Gospel with 
an emphasis placed on Jesus’ inner life. Special emphasis 
is also placed on the preacher’s reading."
PR 330,Crucial Issues in Ministry,3,"A discussion of crucial 
issues in pastoral ministry. Topics to be covered include, 
technology, budgets, taxes, leadership, etc."
PR 400,Orientation to Internship,0,"An introduction to and 
preparation for the internship experience and life- 
related skills for all juniors two semesters prior to the 
planned internship."
PR 601,Preparing to Preach,3,"A course designed to 
provide the student with the skills necessary to preach 
relevant, biblical sermons. Attention is given to 
homiletical method, biblical and theological content, 
the contemporary context, and creative methodology. 
A specialized study of the contemporary context of 
preaching. Students will examine contemporary 
thinking, current preachers and possible approaches to 
preaching to the contemporary listener."
PR 602,Preaching for Contemporary Listeners,3,"A specialized study of the contemporary context of 
preaching. Students will examine contemporary 
thinking, current preachers, and possible approaches to 
preaching to the contemporary listener."
PR 603,History of Preaching,3,"A general survey of the 
history of preaching, giving special attention to the 
theological trends, movements, and significant 
personalities in the preaching tradition from the 
prophets to the present."
PR 604,Creative Biblical Preaching,3,"A course for those 
who have previously studied in the field of homiletics. 
The previous experiences of the students will 
determine the areas of homiletical thought given 
attention. Special attention will be given to creative 
forms and delivery."
PR 660,Leading from the Pulpit,3,"This course explores 
how to develop a preaching plan that uses biblical 
proclamation to lead the congregation in accomplishing 
the church’s stated mission, vision, core values, and 
specific goals. We examine compelling reasons for 
planning our preaching, and we utilize various types of 
sermons in our plan, including expository, doctrinal, 
evangelistic, apologetic, ethical, biographical, pastoral, 
narrative, and sermons for special occasions."
PR 750,Theology and Preaching,3,"An examination of the 
theology of preaching found in Scripture.  Attention 
will be given to the impact one’s theological 
perspective has on the outcome of the sermon. The 
course will include an evaluation of contemporary 
preaching methods and their underlying theology."
PR 751,Preaching and Literary Genre,3,"A study of the 
hermeneutical and homiletical principles involved in 
preaching a specific biblical literary genre. In any given 
semester the genre studied might be: narrative, 
prophesy, poetry, Gospels, epistles, parables, 
apocalyptic, etc."
PR 752,Preaching in the Bible,3,"A survey of what the 
Bible says about preaching. Particular attention will be 
given to the study of the Biblical vocabulary, Biblical 
sermons, and their implications for the preaching 
process."
PR 898,Readings in Homiletic Literature,3,"A seminar 
offering the opportunity for the student to read and 
discuss contemporary homiletic literature."
PR 899,Special Issues in Preaching,3,"Specialized study of 
an area of preaching not covered in existing courses."
PR 900,Research in Preaching,1-3,"Individual research 
under faculty supervision in a particular area of 
preaching."
SC 112,Nutrition and Wellness,3,"This course provides an 
introduction to the basic principles of nutrition and 
wellness with an emphasis on the utilization of nutrients 
for growth and health throughout life.  Topics include 
the role culture plays in food choices, the relationship 
between nutrition and disease, and the tools used for 
nutrition assessment."
SC 150, Human Biology, 3, (Lecture only)." An introduction 
to basic principles of biology, focused on humans as 
biological creatures. Topics include cell and tissue 
structure, human structure and function, human 
genetics and heredity, molecular biology and its uses in 
biotechnology, evolution and the origin of life, and 
ecology and the impact of humans on the environment. 
Students will develop skills in data analysis and the use 
of data in decision making through examination of 
contemporary issues. IAI Code L1 904."
SC 151, Human Biology,4," (Lecture and Lab). A 4 credit 
combined lecture and laboratory course providing an 
introduction to basic principles of biology, focused on 
humans as biological creatures. Topics include cell and 
tissue structure, human structure and function, human 
genetics and hereditary, molecular biology and its uses 
in biotechnology, evolution and origin of life, and 
ecology and the impact of humans on the environment. 
Students will develop skills in data analysis and the use 
of data in decision making though examination of 
contemporary issues. "
SC 155, Animal Biology, 3, "(Lecture only). A survey of how 
organisms carry out the biological processes necessary 
for life with emphasis on the challenges faced in 
different environments and how organisms are designed 
to meet these challenges. The development of scientific 
ideas and current issues in biology will also be discussed. 
IAI Code L1 902. "
SC 157, Chemistry and Society,3," (Lecture only). A survey 
of major concepts in inorganic and organic chemistry 
with emphasis on how these concepts apply to daily life. 
Topics include electrochemistry, thermodynamics, 
nuclear chemistry, and other subjects of interest. The 
development of scientific ideas and current issues in 
chemistry will also be discussed. IAI Code P1 902." 
SC 159, Chemistry and Society,4," (Lecture and Lab). A 4 
credit combined lecture and laboratory course providing 
a survey of major concepts in inorganic and organic 
chemistry with emphasis on how these concepts apply to 
daily life. Topics include electrochemistry, 
thermodynamics, nuclear chemistry, and other subjects 
of interest. The development of scientific ideas and 
current issues in chemistry will also be discussed."
SC 241,Weather and Climate,3,"This course explores the 
basic understanding of the processes that produce our 
weather and climate. In addition to studying the 
elements of weather and climate – temperature, 
moisture, pressure, and wind – the course examines the 
causes for day-to-day weather changes, the nature of 
violent storms such as tornadoes and hurricanes, and 
surveys world climatic patterns. A study of air pollution 
and human impact on urban and global climates, as well 
as natural and unnatural causes of climate change are 
also included."
SF 601,Introduction to Christian Spirituality,3,"Examines the principles, problems, and practices of 
spiritual growth in Christ–personally and corporately, 
with emphasis on the Christian disciplines. Required of 
all majors as their first course."
SF 602,Theology of Spiritual Formation,3,"Explores what 
Scripture says about itself as a primary instrument of 
spiritual transformation from a biblical worldview. 
Emphasis will be placed on learning to read the Bible 
for transformation rather than information."
SF 603,Biblical Imagery for Spiritual Formation,3,"Lessons 
learned about silence and solitude from the wilderness 
and journey-talk of Israel, Moses, Elijah, David, John 
the Baptist, Jesus, and examples from the desert 
monastics."
SF 604,Theology of the Holy Spirit,3,"Looks at Scripture 
and church history through the lens of a biblical 
worldview to evaluate the foundational role that the 
Holy Spirit plays in spiritual formation."
SF 605,Spiritual Formation Practicum,3,"Requires students to practice spiritual formation in a 
personal and corporate setting under the guidance of a 
mature spiritual leader of their choosing, journaling 
their daily practice of Scripture reading, following 
guidelines listed in the syllabus. Offered every summer. 
Students may design their own practicum with 
approval of program director."
SF 607,"Readings in Classical and Contemporary 
Christian Spirituality",3,"Reviews both classical literature 
in this field and more contemporary literature from 
multiple faith traditions, with a focus on critiquing the 
readings from a biblical worldview."
SF 608,Spiritual Direction,3,"Looks at the ancient prayer 
process whereby spiritual directors and their directee 
establish an ongoing conversation about practicing the 
presence of God, with a focus on duplicating this 
practice in the local church."
SF 610,Prayer Practice and Spiritual Transformation,3,"Reviews some prayers from Scripture and how they 
change lives, as well as looks at how a biblical worldview 
prompts a life of prayer and a desire to help others learn 
to pray."
SF 612,Spiritual Formation Capstone Retreat,3,"Requires all students in their final semester to participate 
corporately in a weekend-long, spiritual formation 
retreat, with the program’s five learning objectives 
serving as a framework. Offered every summer as a 
weekend intensive in a retreat setting."
SS 261,Principles of Economics,3,"An examination of supply 
and demand, the market structure, inflation, 
unemployment, economic growth and GDP, and 
international trade, as well as current economic issues."
SS 335,Marriage and the Family,3,"This course examines 
the formation, maintenance, and dissolution of 
marriages and families, including the Biblical principles 
used in ministry to families."
TH 318,Wisdom from the Ancient Church,3,"This course 
examines spiritual progress as understood by important 
authors and traditions in the Early Church. In particular, 
we will examine prominent ways of reading Scripture, of 
understand ng and fostering personal and moral 
development, and of deepening the practice of prayer in 
the Christian’s life."
TH 326,Augustine,3,"A seminar style reading and 
discussion based course centered around the life and 
works of St. Augustine of Hippo. A broad survey of 
Augustine’s thought and life will be followed by a 
careful reading through specific texts, such as 
Confessions, City of God, On the Trinity, or selected 
sermons and letters."
TH 363,Pauline Theology,3,"A comprehensive analysis of 
key topics arising from the Pauline literature, with 
emphasis on a systematic understanding of Paul’s 
theology."
TH 399,Special Issues in Theology,1-3,"A focused faculty-
guided study of a given period in the history of theology, 
a specific thinker, or a prominent contemporary issue 
like open theism, inclusivism/exclusivism, the nature of 
Scripture, sexual identity, the historicity of Adam and 
Eve, etc. May be repeated."
TH 416,Systematic Theology,3,"A study of Christian 
systematic theology, seeking to understand the meaning 
and relations of Christian doctrines with attention to the 
controversies about, and the inner unity of, the Christian 
faith. Junior or senior standing required."
TH 437,"Race, Gender, and Evangelicalism",3,"A seminar 
style, reading and discussion based course probing the 
explosive history and relationship between Evangelicals, 
gender, and race, particularly – though not exclusively – 
with the United States.  Students will be equipped with a 
broader historical, biblical, philosophical, and 
theological framework upon which to draw when 
engaging with culture and the church regarding these 
sensitive topics."
TH 440,Women’s Spiritual Writings,3,"A seminar style, 
readings and discussion based class highlighting seminal 
female texts in the Christian tradition. Author rotations 
will likely include, but not be limited to, Julian of 
Norwich, Margery Kempe, Hildegard of Bingen, 
Catherine of Siena, Theresa of Avila, Susanna Wesley, 
Margaret Fell, Hannah More, Catherine Booth, 
Josephine Butler, Phoebe Palmer, Octavia Albert, 
Dorothy Day, and Maya Angelou."
TH 469,History of Christian Theology I,3,"An historical 
introduction to the relevant primary sources, examining 
the most important persons, issues, and events in the 
history of theology from the Apostolic Fathers to the 
Eve of the Reformation."
TH 475,Eschatology,3,"A survey of exegetical, historical, 
hermeneutical, and theological perspectives as these 
relate to the Biblical doctrine of the “Last Things.”"
TH 476,Contemporary Theological Issues,1,"An introduction 
to key issues that are currently dominating the 
contemporary theological scene. Students will examine 
the writings of leading theologians with two aims in 
mind:"
TH 477,Religion and Fiction,3,"A seminar style course built 
around reading multiple works of fiction in their entirety 
and discussing them together at length. Text selection 
will vary from year to year, though regular authors would 
include the likes of Fyodor Dostoevsky, Graham Greene, 
Flannery O’Connor, G.K Chesterton, George MacDonald, 
Shusaku Endo, and Marilynne Robinson."
TH 482,Ethics,3,"A survey and critical examination of 
various historical and systematic approaches to ethics. 
Attention is also given to representative contemporary 
moral issues."
TH 496,Seminar on Charles Taylor,3,"A seminar style, 
reading and discussion based course exploring the 
thought of Catholic philosopher Charles Taylor.  Each 
iteration of the course will involve an in-depth reading 
and analysis of one to two primary works, such as A 
Secular Age, Sources of the Self, or The Malaise of 
Modernity."
TH 606,Ethics,3,"A survey and critical examination of 
various historical and systematic approaches to ethics. 
Attention is also given to representative contemporary 
moral issues."
TH 607,Christology,3,"An examination of the biblical, 
historical, and cultural issues that have contributed to the 
Church’s past and present understandings of the Person 
and Work of Christ. Special attention will be given to 
recent approaches to historical Jesus study."
TH 618,Wisdom from the Ancient Church,3,"This course 
examines spiritual progress as understood by important 
authors and traditions in the Early Church. In particular, 
we will examine prominent ways of reading Scripture, of 
understanding and fostering personal and moral 
development, and of deepening the practice of prayer in 
the Christian’s life."
TH 626,Augustine,3,"A seminar style reading and 
discussion based course centered around the life and 
works of St. Augustine of Hippo. A broad survey of 
Augustine’s thought and life will be followed by a 
careful reading through specific texts, such as 
Confessions, City of God, On the Trinity, or selected 
sermons and letters."
TH 637,"Race, Gender, and Evangelicalism",3,"A seminar 
style, reading and discussion based course probing the 
explosive history and relationship between Evangelicals, 
gender, and race, particularly – though not exclusively – 
with the United States.  Students will be equipped with a 
broader historical, biblical, philosophical, and 
theological framework upon which to draw when 
engaging with culture and the church regarding these 
sensitive topics."
TH 640,Women’s Spiritual Writings,3,"A seminar style, 
readings and discussion based class highlighting seminal 
female texts in the Christian tradition. Author rotations 
will likely include, but not be limited to, Julian of 
Norwich, Margery Kempe, Hildegard of Bingen, 
Catherine of Siena, Theresa of Avila, Susanna Wesley, 
Margaret Fell, Hannah More, Catherine Booth, 
Josephine Butler, Phoebe Palmer, Octavia Albert, 
Dorothy Day, and Maya Angelou."
TH 677,Religion and Fiction,3,"A seminar style course built 
around reading multiple works of fiction in their entirety 
and discussing them together at length. Text selection 
will vary from year to year, though regular authors would 
include the likes of Fyodor Dostoevsky, Graham Greene, 
Flannery O’Connor, G.K Chesterton, George MacDonald, 
Shusaku Endo, and Marilynne Robinson."
TH 694,Theology and Film,3,"A study of theology as 
mediated by cinema. Students will learn the basic 
elements of film-making in order to better understand 
how films communicate meaning, and explore 
theological themes as communicated through this 
medium."
TH 696,Seminar on Charles Taylor,3,"A seminar style, 
reading and discussion based course exploring the 
thought of Catholic philosopher Charles Taylor.  Each 
iteration of the course will involve an in-depth reading 
and analysis of one to two primary works, such as A 
Secular Age, Sources of the Self, or The Malaise of 
Modernity."
TH 701,Modern Theology I,3,"A study of the unfolding 
trajectory of theological reflection in the modern 
world- specifically covering the period of the emerging 
modern world through the nineteenth century. 
Examined are such thinkers and movements as: the 
Enlightenment, Kant, Schleiermacher, Hegel, Newman, 
Romanticism, Kierkegaard, Nietzsche, Neo-Thomism, 
and Classical Liberalism."
TH 702,Modern Theology II,3,"A further study of the 
unfolding trajectory of theological reflection in the 
modern world – specifically covering the period of the 
twentieth and twenty-first centuries. Examined are 
such thinkers and movements as: Barth, Bultmann, 
Tillich, Rahner, Nouvelle Théologie, Liberation 
Theology, Process Theology, and various Postmodern 
Theologies."
TH 806,History and Theology of Eastern Orthodoxy,3,"An 
investigation of the history and theology of Eastern 
Orthodox Christianity from the beginnings of the 
Church until today. After surveying the history of 
Eastern Orthodox Christianity, studies will focus on 
distinctive theological emphases and practices of 
Eastern Orthodox Churches."
TH 833,The Trinity,3,"A historical and systematic 
seminar on the central Christian doctrine of the 
Trinity."
TH 865,Maximus the Confessor,3,"A historical and 
systematic seminar on the theology of the seventh- 
century martyr, Maximus the Confessor. The class will 
study his life and writings, historical importance, and 
relevance for current theological reflection."
TH 899,"Special Issues in Systematic and Philosophical 
Theology",3,"Specialized study of an area of Systematic 
and Philosophical Theology not covered in existing 
courses."
TH 900,"Research in Systematic and Philosophical 
Theology",1-3,"Individual research under faculty supervision 
in a particular area of Systematic and Philosophical 
Theology."
TH 901,Thesis,6,"The thesis, when chosen instead of an 
extended research paper in the Master of Arts degree, 
will be written according to guidelines available from 
the Seminary office. The student may choose to defend 
the thesis in an oral exam or make a presentation to a 
select audience."
TH 905,Comprehensive Exam,0,"In this examination, 
students will show their progress in the degree 
objectives as appropriate for master’s level study."
US 098,Orientation to LCU,0,"The purpose of this 
orientation course is to provide an overview of online 
learning, an introduction to Canvas, our learning 
management system, as well as additional helps to prepare 
you for success during your educational journey here at 
LCU. This non-credit, one-week course, is a requirement 
for all non-traditional students admitted to Lincoln 
Christian University. Students must pass the online 
orientation within the designated time frame before 
proceeding further in their studies."
US 500,Orientation to LCU,0,"The purpose of this 
orientation course is to provide an overview of online 
learning, an introduction to Canvas, our learning 
management system, as well as additional helps to 
prepare you for success during your educational 
journey here at LCU. This non-credit, one-week 
course, is a requirement for all students admitted to 
Lincoln Christian University. Students must pass the 
online orientation within the designated time frame 
before proceeding further in their studies."
WS 600,Biblical Principles of Worship,3,"A study of the 
biblical foundations of Christian worship and its 
formational value. The student will develop a theology 
of worship and learn to apply these principles to the 
content of Sunday worship and to the worshipping life 
of the congregation."
WS 602,"Music, Art and Media in Worship",3,"A course 
which will aid the student in developing a philosophy 
of the use of the arts in worship. Attention will be 
given to using media and technology to enhance the 
content of corporate worship, as well as to the 
development of necessary musical skills."
WS 701,Creative Design for Corporate Worship,3,"This course will aid the student in effectively designing 
Sunday morning worship services, with an emphasis on 
the formative aspects of communal worship. Attention 
will be given to biblical content and structure. Several 
models of worship planning will be examined along with 
appropriate activities for enhancing congregational 
worship."
WS 702,Communication in Corporate Worship,3,"This course is a study of the various types of 
communication in corporate Christian worship. Forms of 
communication involving the senses of sound, sight, taste, 
touch, and smell will be explored. Emphasis is placed on 
the biblical, historical, and theological foundation for 
varied forms of communication."
WS 705,Foundations for Worship Ministry,3,"Through an 
examination of the biblical, theological, historical, and 
cultural perspectives on worship, this course seeks to help 
the students develop the analytical and practical skills to 
lead in the experiences of worship, giving proper 
attention to content, structure, and style."
WS 776,Practical and Pastoral Skills for Worship Ministry,3,"This course is designed to address the pastoral dimensions 
of worship ministry and to hone musical skills. Individual 
attention will be given in areas of particular concern for 
each student such as conducting, vocal production, 
keyboard skills, arranging, sound production, etc. The 
course meets in an actual church setting and requires 
travel/ housing to a city other than Lincoln. Class sessions 
will include visits to area churches and interaction with 
area music and worship ministers."
WS 899,Special Issues in Worship Studies,1-3,"Specialized study of an area of Worship Studies not 
covered in existing courses."
WS 900,Research in Worship Studies,1-3,"Individual research under faculty supervision in a 
particular area of Worship Studies."
YM 111,Orienteering for Family Ministry Students,0,"An 
introductory course that will orient family ministry 
students for a journey through either the Children and 
Family Ministry program or the Youth and Family 
Ministry program, to the various ministry vocational 
opportunities available, and to developing a personal 
ministry preparation strategy that includes strengthening 
their character, deepening their relational chemistry, 
improving their competency, and fueling their confidence 
and commitment for a long life in Kingdom service."
YM 330,Crucial Issues in Youth Ministry,1-3,"This is a course 
that provides youth ministry networking and the 
philosophical and practical aspects of youth ministry in a 
convention or traveling class setting. Credit can be 
received by participation with an organized Youth 
Ministry program trip or can be used independently for 
another convention if approved by the Youth Ministry 
Professor. There may be a fee added to this course for trip 
costs."
YM 399,Special Issues in Youth Ministries,1-4,"A focused and 
deeper investigation of one or more special issues that the 
junior or senior student seeks to further explore. Open for 
student-driven issues via small groups or independent 
study. Can be done in more than one class but is limited 
to four credits."
YM 401,Orientation to  Internship,0,"An introduction to 
and preparation for the internship experience and life-
related skills for all juniors two semesters prior to the 
planned internship."
YM 401,Orientation to Internship,1-6,
YM 453,Not-for-Profit Organizations,3,"An examination of 
starting and operating a not-for-profit. Topics include 
strategic planning, program development, volunteers, 
staff and board relations, marketing and public relations, 
budgeting, grantsmanship, major gift programs, special 
events, and direct fundraising."
